source,district_name,charter_chapter,charter_url,matched_pwsid,matched_pws_name,match_score,match_status,has_service_polygon,has_political_bnd
epa_system,EVERGREEN MHP,,,VT0005645,EVERGREEN MHP,,unmatched_system,Y,N
epa_system,BENNINGTON WATER DEPT,,,VT0005016,BENNINGTON WATER DEPT,,unmatched_system,Y,N
epa_system,SPRINGFIELD WATER DEPT,,,VT0005333,SPRINGFIELD WATER DEPT,,unmatched_system,Y,N
epa_system,CHIMNEY HILL,,,VT0005312,CHIMNEY HILL,,unmatched_system,Y,N
epa_system,APPLEGATE APARTMENTS,,,VT0020791,APPLEGATE APARTMENTS,,unmatched_system,Y,N
epa_system,WINHALL STRATTON F D 1,,,VT0005305,WINHALL STRATTON F D 1,,unmatched_system,Y,N
epa_system,BEAR CREEK CONDOMINIUM,,,VT0005563,BEAR CREEK CONDOMINIUM,,unmatched_system,Y,N
epa_system,SOUTH VILLAGE,,,VT0005593,SOUTH VILLAGE,,unmatched_system,Y,N
epa_system,HIGH RIDGE CONDOMINIUM,,,VT0005590,HIGH RIDGE CONDOMINIUM,,unmatched_system,Y,N
epa_system,KARME CHOLING,,,VT0005537,KARME CHOLING,,unmatched_system,Y,N
epa_system,STERLING RIDGE WATER,,,VT0005525,STERLING RIDGE WATER,,unmatched_system,Y,N
epa_system,SUNRISE COMMUNITY WATER SYSTEM,,,VT0005618,SUNRISE COMMUNITY WATER SYSTEM,,unmatched_system,Y,N
epa_system,GREENES MHP,,,VT0005490,GREENES MHP,,unmatched_system,Y,N
epa_system,BRIDGEWATER MILL,,,VT0005419,BRIDGEWATER MILL,,unmatched_system,Y,N
epa_system,WOODSIDE MANOR,,,VT0005404,WOODSIDE MANOR,,unmatched_system,Y,N
epa_system,EDWARD FARRAR UTILITY DISTRICT,,,VT0005284,EDWARD FARRAR UTILITY DISTRICT,,unmatched_system,Y,N
epa_system,MONTPELIER WATER SYSTEM,,,VT0005272,MONTPELIER WATER SYSTEM,,unmatched_system,Y,N
epa_system,RUTLAND CITY WATER DEPT,,,VT0005229,RUTLAND CITY WATER DEPT,,unmatched_system,Y,N
epa_system,FAIR HAVEN WATER DEPT,,,VT0005218,FAIR HAVEN WATER DEPT,,unmatched_system,Y,N
epa_system,BRANDON FIRE DISTRICT 1,,,VT0005211,BRANDON FIRE DISTRICT 1,,unmatched_system,Y,N
epa_system,GRAND ISLE FIRE DISTRICT 4,,,VT0005139,GRAND ISLE FIRE DISTRICT 4,,unmatched_system,Y,N
epa_system,ST ALBANS WATER DEPT,,,VT0005130,ST ALBANS WATER DEPT,,unmatched_system,Y,N
epa_system,FAIRFAX WATER DEPT,,,VT0005117,FAIRFAX WATER DEPT,,unmatched_system,Y,N
epa_system,WINOOSKI WATER DEPT,,,VT0005102,WINOOSKI WATER DEPT,,unmatched_system,Y,N
epa_system,SOUTH BURLINGTON CITY WATER SYSTEM,,,VT0005091,SOUTH BURLINGTON CITY WATER SYSTEM,,unmatched_system,Y,N
epa_system,MILTON MOBILE HOME PARK,,,VT0005083,MILTON MOBILE HOME PARK,,unmatched_system,Y,N
epa_system,ESSEX TOWN WATER SYSTEM,,,VT0005065,ESSEX TOWN WATER SYSTEM,,unmatched_system,Y,N
epa_system,COLCHESTER FIRE DISTRICT 2,,,VT0005059,COLCHESTER FIRE DISTRICT 2,,unmatched_system,Y,N
epa_system,BURLINGTON DEPT PUBLIC WORKS WATER DIV,,,VT0005053,BURLINGTON DEPT PUBLIC WORKS WATER DIV,,unmatched_system,Y,N
epa_system,RYEGATE FIRE DISTRICT 2,,,VT0005043,RYEGATE FIRE DISTRICT 2,,unmatched_system,Y,N
epa_system,PEACHAM FIRE DISTRICT 1,,,VT0005042,PEACHAM FIRE DISTRICT 1,,unmatched_system,Y,N
epa_system,VERGENNES PANTON WATER DISTRICT,,,VT0005010,VERGENNES PANTON WATER DISTRICT,,unmatched_system,Y,N
epa_system,BRISTOL WATER DEPT,,,VT0005002,BRISTOL WATER DEPT,,unmatched_system,Y,N
epa_system,COLONIAL ESTATES HOMEOWNERS ASSN,,,VT0020855,COLONIAL ESTATES HOMEOWNERS ASSN,,unmatched_system,Y,N
epa_system,COMMON PASTURES HOA,,,VT0021015,COMMON PASTURES HOA,,unmatched_system,Y,N
epa_system,ROYALTON TERRACE,,,VT0005331,ROYALTON TERRACE,,unmatched_system,Y,N
epa_system,WEST BURKE HOUSING,,,VT0005555,WEST BURKE HOUSING,,unmatched_system,Y,N
epa_system,SHEFFIELD FIRE DISTRICT 1,,,VT0005381,SHEFFIELD FIRE DISTRICT 1,,unmatched_system,Y,N
epa_system,ALPINE HAVEN,,,VT0005208,ALPINE HAVEN,,unmatched_system,Y,N
epa_system,DERBY CENTER WATER SYSTEM,,,VT0005195,DERBY CENTER WATER SYSTEM,,unmatched_system,Y,N
epa_system,JOHNSON VILLAGE WATER DEPT,,,VT0005156,JOHNSON VILLAGE WATER DEPT,,unmatched_system,Y,N
epa_system,MOUNTAIN VIEW MHP,,,VT0005155,MOUNTAIN VIEW MHP,,unmatched_system,Y,N
epa_system,MONTGOMERY WATER SYSTEM,,,VT0005125,MONTGOMERY WATER SYSTEM,,unmatched_system,Y,N
epa_system,HARDWICK TOWN WATER SYSTEM,,,VT0005039,HARDWICK TOWN WATER SYSTEM,,unmatched_system,Y,N
epa_system,BURKE FIRE DISTRICT 1,,,VT0005033,BURKE FIRE DISTRICT 1,,unmatched_system,Y,N
epa_system,MOUNTAINSIDE RESORT,,,VT0005165,MOUNTAINSIDE RESORT,,unmatched_system,Y,N
epa_system,CASTLETON MEADOWS,,,VT0005515,CASTLETON MEADOWS,,unmatched_system,Y,N
epa_system,PARSONS HILL PARTNERSHIP,,,VT0005584,PARSONS HILL PARTNERSHIP,,unmatched_system,Y,N
epa_system,VILLAGE AT EAGLE RISE,,,VT0005646,VILLAGE AT EAGLE RISE,,unmatched_system,Y,N
epa_system,COVERED BRIDGE HIGHLAND,,,VT0020439,COVERED BRIDGE HIGHLAND,,unmatched_system,Y,N
epa_system,OLCOTT FALLS MANOR MHP,,,VT0020471,OLCOTT FALLS MANOR MHP,,unmatched_system,Y,N
epa_system,STERLING SPRING,,,VT0020552,STERLING SPRING,,unmatched_system,Y,N
epa_system,BLACK MOUNTAIN PARK,,,VT0020603,BLACK MOUNTAIN PARK,,unmatched_system,Y,N
epa_system,GLEN PARK,,,VT0020605,GLEN PARK,,unmatched_system,Y,N
epa_system,NEWPORT CITY WATER SYSTEM,,,VT0005202,NEWPORT CITY WATER SYSTEM,,unmatched_system,Y,N
epa_system,HARTFORD WATER DEPT,,,VT0005319,HARTFORD WATER DEPT,,unmatched_system,Y,N
epa_system,STOWE WATER DEPT,,,VT0005163,STOWE WATER DEPT,,unmatched_system,Y,N
epa_system,BRATTLEBORO WATER DEPT,,,VT0005290,BRATTLEBORO WATER DEPT,,unmatched_system,Y,N
epa_system,CASTLETON FIRE DISTRICT 1,,,VT0005212,CASTLETON FIRE DISTRICT 1,,unmatched_system,Y,N
epa_system,WINDY HOLLOW,,,VT0005594,WINDY HOLLOW,,unmatched_system,Y,N
epa_system,CASTLETON FIRE DISTRICT 3,,,VT0020889,CASTLETON FIRE DISTRICT 3,,unmatched_system,Y,N
epa_system,MANCHESTER WATER DEPT,,,VT0005022,MANCHESTER WATER DEPT,,unmatched_system,Y,N
epa_system,TRI TOWN WATER DISTRICT,,,VT0005001,TRI TOWN WATER DISTRICT,,unmatched_system,Y,N
epa_system,EAST MIDDLEBURY FD 1,,,VT0005003,EAST MIDDLEBURY FD 1,,unmatched_system,Y,N
epa_system,MIDDLEBURY WATER DEPT,,,VT0005004,MIDDLEBURY WATER DEPT,,unmatched_system,Y,N
epa_system,STARKSBORO VILLAGE WATER COOP,,,VT0005005,STARKSBORO VILLAGE WATER COOP,,unmatched_system,Y,N
epa_system,BROOKSIDE MHP,,,VT0005006,BROOKSIDE MHP,,unmatched_system,Y,N
epa_system,LAZY BROOK MHP,,,VT0005007,LAZY BROOK MHP,,unmatched_system,Y,N
epa_system,WHITING WATER CORP,,,VT0005012,WHITING WATER CORP,,unmatched_system,Y,N
epa_system,ARLINGTON WATER DEPT,,,VT0005013,ARLINGTON WATER DEPT,,unmatched_system,Y,N
epa_system,NORTH BENNINGTON WATER DEPT,,,VT0005017,NORTH BENNINGTON WATER DEPT,,unmatched_system,Y,N
epa_system,WEST ROAD MHP,,,VT0005018,WEST ROAD MHP,,unmatched_system,Y,N
epa_system,DORSET FIRE DISTRICT 1,,,VT0005020,DORSET FIRE DISTRICT 1,,unmatched_system,Y,N
epa_system,EAST DORSET FIRE DISTRICT 1,,,VT0005021,EAST DORSET FIRE DISTRICT 1,,unmatched_system,Y,N
epa_system,BROMLEY WATER COMPANY,,,VT0005024,BROMLEY WATER COMPANY,,unmatched_system,Y,N
epa_system,LAMPMAN WATER SYSTEM,,,VT0005026,LAMPMAN WATER SYSTEM,,unmatched_system,Y,N
epa_system,ROYAL PINE VILLA,,,VT0005027,ROYAL PINE VILLA,,unmatched_system,Y,N
epa_system,READSBORO TOWN OF,,,VT0005028,READSBORO TOWN OF,,unmatched_system,Y,N
epa_system,PINE RIDGE WATER SYSTEM,,,VT0005056,PINE RIDGE WATER SYSTEM,,unmatched_system,Y,N
epa_system,HILLCREST MHP INC,,,VT0005057,HILLCREST MHP INC,,unmatched_system,Y,N
epa_system,COLCHESTER FIRE DISTRICT 1,,,VT0005058,COLCHESTER FIRE DISTRICT 1,,unmatched_system,Y,N
epa_system,COLCHESTER FIRE DISTRICT 3,,,VT0005060,COLCHESTER FIRE DISTRICT 3,,unmatched_system,Y,N
epa_system,ESSEX JCT WATER DEPT,,,VT0005066,ESSEX JCT WATER DEPT,,unmatched_system,Y,N
epa_system,HINESBURG WATER DEPT,,,VT0005070,HINESBURG WATER DEPT,,unmatched_system,Y,N
epa_system,MILTON WATER DEPT,,,VT0005079,MILTON WATER DEPT,,unmatched_system,Y,N
epa_system,SHELBURNE WATER DEPT,,,VT0005087,SHELBURNE WATER DEPT,,unmatched_system,Y,N
epa_system,LIVINGSTON MHP,,,VT0005089,LIVINGSTON MHP,,unmatched_system,Y,N
epa_system,SOUTH BURLINGTON FIRE DISTRICT,,,VT0005090,SOUTH BURLINGTON FIRE DISTRICT,,unmatched_system,Y,N
epa_system,CHAMPLAIN WATER DISTRICT,,,VT0005092,CHAMPLAIN WATER DISTRICT,,unmatched_system,Y,N
epa_system,ST GEORGE FIRE DISTRICT 1,,,VT0005093,ST GEORGE FIRE DISTRICT 1,,unmatched_system,Y,N
epa_system,ST GEORGE FIRE DISTRICT #2,,,VT0005094,ST GEORGE FIRE DISTRICT #2,,unmatched_system,Y,N
epa_system,ST GEORGE COMMUNITY COOPERATIVE,,,VT0005095,ST GEORGE COMMUNITY COOPERATIVE,,unmatched_system,Y,N
epa_system,WILLISTON WATER DEPT,,,VT0005098,WILLISTON WATER DEPT,,unmatched_system,Y,N
epa_system,WILLISTON FIRE DISTRICT 1,,,VT0005100,WILLISTON FIRE DISTRICT 1,,unmatched_system,Y,N
epa_system,FAIRFAX HEIGHTS WATER CO,,,VT0005118,FAIRFAX HEIGHTS WATER CO,,unmatched_system,Y,N
epa_system,SOUTH GEORGIA FIRE DISTRICT,,,VT0005121,SOUTH GEORGIA FIRE DISTRICT,,unmatched_system,Y,N
epa_system,SWANTON VILLAGE WATER,,,VT0005132,SWANTON VILLAGE WATER,,unmatched_system,Y,N
epa_system,SUNSET TERRACE ESTATES,,,VT0005133,SUNSET TERRACE ESTATES,,unmatched_system,Y,N
epa_system,HOMESTEAD ACRES MHP,,,VT0005134,HOMESTEAD ACRES MHP,,unmatched_system,Y,N
epa_system,ALBURGH VILLAGE WATER SYSTEM,,,VT0005136,ALBURGH VILLAGE WATER SYSTEM,,unmatched_system,Y,N
epa_system,ALBURGH FIRE DISTRICT 1,,,VT0005137,ALBURGH FIRE DISTRICT 1,,unmatched_system,Y,N
epa_system,FORT WARREN MHP,,,VT0005213,FORT WARREN MHP,,unmatched_system,Y,N
epa_system,DANBY MOUNT TABOR F D 1,,,VT0005217,DANBY MOUNT TABOR F D 1,,unmatched_system,Y,N
epa_system,PITTSFORD FLORENCE WATER DEPT,,,VT0005225,PITTSFORD FLORENCE WATER DEPT,,unmatched_system,Y,N
epa_system,POULTNEY WATER DEPT,,,VT0005227,POULTNEY WATER DEPT,,unmatched_system,Y,N
epa_system,PROCTOR WATER DEPT,,,VT0005228,PROCTOR WATER DEPT,,unmatched_system,Y,N
epa_system,CUTTINGSVILLE FIRE DISTRICT,,,VT0005241,CUTTINGSVILLE FIRE DISTRICT,,unmatched_system,Y,N
epa_system,WALLINGFORD FIRE DISTRICT 1,,,VT0005242,WALLINGFORD FIRE DISTRICT 1,,unmatched_system,Y,N
epa_system,SOUTH WALLINGFORD WATER CO,,,VT0005243,SOUTH WALLINGFORD WATER CO,,unmatched_system,Y,N
epa_system,WEST RUTLAND TOWN,,,VT0005244,WEST RUTLAND TOWN,,unmatched_system,Y,N
epa_system,MOUNT SNOW VILLAGE ASSOCIATION,,,VT0005291,MOUNT SNOW VILLAGE ASSOCIATION,,unmatched_system,Y,N
epa_system,MAGIC VILLAGE WATER COOP,,,VT0005294,MAGIC VILLAGE WATER COOP,,unmatched_system,Y,N
epa_system,BELLOWS FALLS WATER DEPT,,,VT0005298,BELLOWS FALLS WATER DEPT,,unmatched_system,Y,N
epa_system,VERMONT ACADEMY,,,VT0005303,VERMONT ACADEMY,,unmatched_system,Y,N
epa_system,NORTHSHORE MHP,,,VT0005304,NORTHSHORE MHP,,unmatched_system,Y,N
epa_system,WESTMINSTER AQUEDUCT SOCIETY,,,VT0005306,WESTMINSTER AQUEDUCT SOCIETY,,unmatched_system,Y,N
epa_system,SHADY PINES MHP,,,VT0005309,SHADY PINES MHP,,unmatched_system,Y,N
epa_system,WILMINGTON WATER DIST,,,VT0005310,WILMINGTON WATER DIST,,unmatched_system,Y,N
epa_system,COLD BROOK FIRE DISTRICT 1,,,VT0005313,COLD BROOK FIRE DISTRICT 1,,unmatched_system,Y,N
epa_system,CAVENDISH TOWN WATER SYSTEM,,,VT0005317,CAVENDISH TOWN WATER SYSTEM,,unmatched_system,Y,N
epa_system,CHESTER WATER DEPT,,,VT0005318,CHESTER WATER DEPT,,unmatched_system,Y,N
epa_system,LUDLOW VILLAGE WATER DEPT,,,VT0005323,LUDLOW VILLAGE WATER DEPT,,unmatched_system,Y,N
epa_system,OKEMO VILLAGE CONDOMINIUMS,,,VT0005324,OKEMO VILLAGE CONDOMINIUMS,,unmatched_system,Y,N
epa_system,OKEMO TRAILSIDE CONDOMINIUM,,,VT0005325,OKEMO TRAILSIDE CONDOMINIUM,,unmatched_system,Y,N
epa_system,ALPEN MEADOWS,,,VT0005359,ALPEN MEADOWS,,unmatched_system,Y,N
epa_system,RHODESIDE ACRES,,,VT0005379,RHODESIDE ACRES,,unmatched_system,Y,N
epa_system,FAIRFAX FIRE DISTRICT 1,,,VT0005403,FAIRFAX FIRE DISTRICT 1,,unmatched_system,Y,N
epa_system,WARNER PLACE WATER SYSTEM,,,VT0005427,WARNER PLACE WATER SYSTEM,,unmatched_system,Y,N
epa_system,WESTFORD FIRE DISTRICT 1,,,VT0005450,WESTFORD FIRE DISTRICT 1,,unmatched_system,Y,N
epa_system,NEW ENGLAND KURN HATTIN HOMES,,,VT0005452,NEW ENGLAND KURN HATTIN HOMES,,unmatched_system,Y,N
epa_system,SHAFTSBURY WATER SYSTEM,,,VT0005469,SHAFTSBURY WATER SYSTEM,,unmatched_system,Y,N
epa_system,GORE ROAD MHP,,,VT0005471,GORE ROAD MHP,,unmatched_system,Y,N
epa_system,WILDWOOD WEST,,,VT0005513,WILDWOOD WEST,,unmatched_system,Y,N
epa_system,POWNAL FIRE DISTRICT 3,,,VT0005517,POWNAL FIRE DISTRICT 3,,unmatched_system,Y,N
epa_system,VERNON GREEN NURSING HOME,,,VT0005532,VERNON GREEN NURSING HOME,,unmatched_system,Y,N
epa_system,RUTLAND TOWN FIRE DISTRICT 1,,,VT0005534,RUTLAND TOWN FIRE DISTRICT 1,,unmatched_system,Y,N
epa_system,SUNNY ACRES DEVELOPMENT WATER ASSOC INC,,,VT0005535,SUNNY ACRES DEVELOPMENT WATER ASSOC INC,,unmatched_system,Y,N
epa_system,DOVER GREEN CONDOMINIUM,,,VT0005536,DOVER GREEN CONDOMINIUM,,unmatched_system,Y,N
epa_system,SUNTEC FOREST CONDOMINIUM,,,VT0005541,SUNTEC FOREST CONDOMINIUM,,unmatched_system,Y,N
epa_system,SNOWTREE CONDOMINIUM,,,VT0005542,SNOWTREE CONDOMINIUM,,unmatched_system,Y,N
epa_system,TARA TOWNHOUSES,,,VT0005545,TARA TOWNHOUSES,,unmatched_system,Y,N
epa_system,GEORGIA STATION,,,VT0005556,GEORGIA STATION,,unmatched_system,Y,N
epa_system,WEST WIND WATER SYSTEM,,,VT0005557,WEST WIND WATER SYSTEM,,unmatched_system,Y,N
epa_system,BENSON HEIGHTS,,,VT0005570,BENSON HEIGHTS,,unmatched_system,Y,N
epa_system,SPRING LAKE RANCH INC,,,VT0005573,SPRING LAKE RANCH INC,,unmatched_system,Y,N
epa_system,BEARS CROSSING WATER SYSTEM,,,VT0005578,BEARS CROSSING WATER SYSTEM,,unmatched_system,Y,N
epa_system,PIPER RIDGE CONDOMINIUM,,,VT0005592,PIPER RIDGE CONDOMINIUM,,unmatched_system,Y,N
epa_system,GLEN RUN CONDOMINIUM,,,VT0005600,GLEN RUN CONDOMINIUM,,unmatched_system,Y,N
epa_system,SHELBURNE FARMS,,,VT0005602,SHELBURNE FARMS,,unmatched_system,Y,N
epa_system,BULL RUN,,,VT0005609,BULL RUN,,unmatched_system,Y,N
epa_system,TIMBERCREEK CONDOMINIUM,,,VT0005615,TIMBERCREEK CONDOMINIUM,,unmatched_system,Y,N
epa_system,CHARETTE WATER SYSTEM,,,VT0005621,CHARETTE WATER SYSTEM,,unmatched_system,Y,N
epa_system,SNOW MOUNTAIN VILLAGE,,,VT0005623,SNOW MOUNTAIN VILLAGE,,unmatched_system,Y,N
epa_system,"POWNAL ESTATES MHP, LLC.",,,VT0005628,"POWNAL ESTATES MHP, LLC.",,unmatched_system,Y,N
epa_system,WINHALL ACRES,,,VT0005629,WINHALL ACRES,,unmatched_system,Y,N
epa_system,GREENSPRINGS,,,VT0005630,GREENSPRINGS,,unmatched_system,Y,N
epa_system,INTERVALE AT STRATTON,,,VT0005633,INTERVALE AT STRATTON,,unmatched_system,Y,N
epa_system,WINTERPLACE WATER SYSTEM,,,VT0005635,WINTERPLACE WATER SYSTEM,,unmatched_system,Y,N
epa_system,SEASONS ON MOUNT SNOW,,,VT0005636,SEASONS ON MOUNT SNOW,,unmatched_system,Y,N
epa_system,TUCKERVILLE MHP,,,VT0005637,TUCKERVILLE MHP,,unmatched_system,Y,N
epa_system,COLD BROOK FD BASE AREA,,,VT0005649,COLD BROOK FD BASE AREA,,unmatched_system,Y,N
epa_system,CHIMNEY HILL COLCHESTER,,,VT0005654,CHIMNEY HILL COLCHESTER,,unmatched_system,Y,N
epa_system,PUTNEY SCHOOL,,,VT0006624,PUTNEY SCHOOL,,unmatched_system,Y,N
epa_system,NORTH HARBOR,,,VT0020002,NORTH HARBOR,,unmatched_system,Y,N
epa_system,MOUNTAINDALE,,,VT0020003,MOUNTAINDALE,,unmatched_system,Y,N
epa_system,VERNON HALL,,,VT0020031,VERNON HALL,,unmatched_system,Y,N
epa_system,SOUTH HERO FIRE DISTRICT 4,,,VT0020080,SOUTH HERO FIRE DISTRICT 4,,unmatched_system,Y,N
epa_system,VILLAGE AT ORMSBY HILL HOA,,,VT0020091,VILLAGE AT ORMSBY HILL HOA,,unmatched_system,Y,N
epa_system,ORCHARD COMMONS,,,VT0020098,ORCHARD COMMONS,,unmatched_system,Y,N
epa_system,VILLAGE AT SAWMILL FARMS,,,VT0020100,VILLAGE AT SAWMILL FARMS,,unmatched_system,Y,N
epa_system,TRAILSIDE AT MAGIC MOUNTAIN,,,VT0020151,TRAILSIDE AT MAGIC MOUNTAIN,,unmatched_system,Y,N
epa_system,LEDGEWOOD,,,VT0020153,LEDGEWOOD,,unmatched_system,Y,N
epa_system,BENNINGTON COLLEGE,,,VT0020184,BENNINGTON COLLEGE,,unmatched_system,Y,N
epa_system,MALLETTS BAY WATER CO,,,VT0020333,MALLETTS BAY WATER CO,,unmatched_system,Y,N
epa_system,WAKE ROBIN CORP,,,VT0020449,WAKE ROBIN CORP,,unmatched_system,Y,N
epa_system,DEEPWOOD PARK,,,VT0020455,DEEPWOOD PARK,,unmatched_system,Y,N
epa_system,KINGSWOOD AT MOUNT SNOW,,,VT0020456,KINGSWOOD AT MOUNT SNOW,,unmatched_system,Y,N
epa_system,WESTBURY PARK,,,VT0020466,WESTBURY PARK,,unmatched_system,Y,N
epa_system,WINDEMERE MHP,,,VT0020551,WINDEMERE MHP,,unmatched_system,Y,N
epa_system,NORTH HERO WATER SYSTEM,,,VT0020562,NORTH HERO WATER SYSTEM,,unmatched_system,Y,N
epa_system,GRAND ISLE CONSOLIDATED WATER DISTRICT,,,VT0020614,GRAND ISLE CONSOLIDATED WATER DISTRICT,,unmatched_system,Y,N
epa_system,MOUNTAIN VIEW COURT,,,VT0020722,MOUNTAIN VIEW COURT,,unmatched_system,Y,N
epa_system,POWNAL FIRE DISTRICT 2,,,VT0020734,POWNAL FIRE DISTRICT 2,,unmatched_system,Y,N
epa_system,EAST MOUNTAIN MHP,,,VT0020760,EAST MOUNTAIN MHP,,unmatched_system,Y,N
epa_system,WILLOWS MHP,,,VT0020775,WILLOWS MHP,,unmatched_system,Y,N
epa_system,WHITE BIRCHES MHP,,,VT0020801,WHITE BIRCHES MHP,,unmatched_system,Y,N
epa_system,OAK HILL ESTATES WATER SYSTEM,,,VT0020867,OAK HILL ESTATES WATER SYSTEM,,unmatched_system,Y,N
epa_system,PUTNEY WATER SYSTEM,,,VT0020934,PUTNEY WATER SYSTEM,,unmatched_system,Y,N
epa_system,BUTTERFIELD COMMON SENIOR HOUSING,,,VT0020962,BUTTERFIELD COMMON SENIOR HOUSING,,unmatched_system,Y,N
epa_system,HUCKLE HILL HOUSING,,,VT0020986,HUCKLE HILL HOUSING,,unmatched_system,Y,N
epa_system,DORSET COMMUNITY HOUSING,,,VT0020990,DORSET COMMUNITY HOUSING,,unmatched_system,Y,N
epa_system,SUNDANCE SUBDIVISION,,,VT0021005,SUNDANCE SUBDIVISION,,unmatched_system,Y,N
epa_system,EASTFIELD CONDOMINIUM ASSN INC,,,VT0021020,EASTFIELD CONDOMINIUM ASSN INC,,unmatched_system,Y,N
epa_system,VALLEY CARES INC,,,VT0021029,VALLEY CARES INC,,unmatched_system,Y,N
epa_system,BOULDER RIDGE AT MT SNOW,,,VT0021035,BOULDER RIDGE AT MT SNOW,,unmatched_system,Y,N
epa_system,OUTLOOK AT MOUNT SNOW,,,VT0021057,OUTLOOK AT MOUNT SNOW,,unmatched_system,Y,N
epa_system,NORTH AVE CO-OP,,,VT0021071,NORTH AVE CO-OP,,unmatched_system,Y,N
epa_system,STRATTON WEST LEISURE LODGE CORPORATION,,,VT0021254,STRATTON WEST LEISURE LODGE CORPORATION,,unmatched_system,Y,N
epa_system,SOUTH FACE VILLAGE AT OKEMO,,,VT0021272,SOUTH FACE VILLAGE AT OKEMO,,unmatched_system,Y,N
epa_system,VISTA SENIOR LIVING,,,VT0000196,VISTA SENIOR LIVING,,unmatched_system,Y,N
epa_system,BARNET FIRE DISTRICT #2,,,VT0005029,BARNET FIRE DISTRICT #2,,unmatched_system,Y,N
epa_system,PASSUMPSIC FIRE DISTRICT 1,,,VT0005031,PASSUMPSIC FIRE DISTRICT 1,,unmatched_system,Y,N
epa_system,DANVILLE FIRE DISTRICT 1,,,VT0005037,DANVILLE FIRE DISTRICT 1,,unmatched_system,Y,N
epa_system,EAST HARDWICK FIRE DISTRICT 1,,,VT0005038,EAST HARDWICK FIRE DISTRICT 1,,unmatched_system,Y,N
epa_system,LYNDONVILLE WATER SYSTEM,,,VT0005040,LYNDONVILLE WATER SYSTEM,,unmatched_system,Y,N
epa_system,LYN HAVEN FIRE DISTRICT 1,,,VT0005041,LYN HAVEN FIRE DISTRICT 1,,unmatched_system,Y,N
epa_system,ST JOHNSBURY WATER SYSTEM,,,VT0005045,ST JOHNSBURY WATER SYSTEM,,unmatched_system,Y,N
epa_system,ST JOHNSBURY CENTER F D 1,,,VT0005046,ST JOHNSBURY CENTER F D 1,,unmatched_system,Y,N
epa_system,SUTTON WATER SYSTEM,,,VT0005048,SUTTON WATER SYSTEM,,unmatched_system,Y,N
epa_system,WHEELOCK FIRE DISTRICT 1,,,VT0005049,WHEELOCK FIRE DISTRICT 1,,unmatched_system,Y,N
epa_system,BOLTON COMMUNITY WATER SYSTEM,,,VT0005051,BOLTON COMMUNITY WATER SYSTEM,,unmatched_system,Y,N
epa_system,FERNWOOD MANOR MHP,,,VT0005052,FERNWOOD MANOR MHP,,unmatched_system,Y,N
epa_system,HUNTINGTON FIRE DISTRICT 1,,,VT0005076,HUNTINGTON FIRE DISTRICT 1,,unmatched_system,Y,N
epa_system,VILLAGE OF JERICHO WATER SYSTEM,,,VT0005077,VILLAGE OF JERICHO WATER SYSTEM,,unmatched_system,Y,N
epa_system,JERICHO HEIGHTS WATER COOP,,,VT0005078,JERICHO HEIGHTS WATER COOP,,unmatched_system,Y,N
epa_system,RICHMOND WATER DEPT,,,VT0005084,RICHMOND WATER DEPT,,unmatched_system,Y,N
epa_system,RIVERVIEW COMMONS,,,VT0005086,RIVERVIEW COMMONS,,unmatched_system,Y,N
epa_system,JERICHO UNDERHILL WATER,,,VT0005096,JERICHO UNDERHILL WATER,,unmatched_system,Y,N
epa_system,BLOOMFIELD WATER SYSTEM,,,VT0005104,BLOOMFIELD WATER SYSTEM,,unmatched_system,Y,N
epa_system,BRIGHTON WATER SYSTEM,,,VT0005105,BRIGHTON WATER SYSTEM,,unmatched_system,Y,N
epa_system,CANAAN FIRE DISTRICT 1,,,VT0005106,CANAAN FIRE DISTRICT 1,,unmatched_system,Y,N
epa_system,CANAAN FD #2,,,VT0005107,CANAAN FD #2,,unmatched_system,Y,N
epa_system,AQUA HAVEN,,,VT0005110,AQUA HAVEN,,unmatched_system,Y,N
epa_system,GUILDHALL WATER SYSTEM,,,VT0005111,GUILDHALL WATER SYSTEM,,unmatched_system,Y,N
epa_system,LUNENBURG FIRE DISTRICT 1,,,VT0005112,LUNENBURG FIRE DISTRICT 1,,unmatched_system,Y,N
epa_system,LUNENBURG FIRE DISTRICT 2,,,VT0005113,LUNENBURG FIRE DISTRICT 2,,unmatched_system,Y,N
epa_system,BAKERSFIELD FIRE DISTRICT 1,,,VT0005114,BAKERSFIELD FIRE DISTRICT 1,,unmatched_system,Y,N
epa_system,EAST BERKSHIRE FIRE DISTRICT 1,,,VT0005115,EAST BERKSHIRE FIRE DISTRICT 1,,unmatched_system,Y,N
epa_system,ENOSBURG FALLS WATER SYSTEM,,,VT0005116,ENOSBURG FALLS WATER SYSTEM,,unmatched_system,Y,N
epa_system,EAST FAIRFIELD FIRE DISTRICT 1,,,VT0005119,EAST FAIRFIELD FIRE DISTRICT 1,,unmatched_system,Y,N
epa_system,FRANKLIN WATER SYSTEM,,,VT0005120,FRANKLIN WATER SYSTEM,,unmatched_system,Y,N
epa_system,RICHFORD WATER SYSTEM,,,VT0005126,RICHFORD WATER SYSTEM,,unmatched_system,Y,N
epa_system,SHELDON WATER SYSTEM,,,VT0005127,SHELDON WATER SYSTEM,,unmatched_system,Y,N
epa_system,CAMBRIDGE VILLAGE WATER,,,VT0005149,CAMBRIDGE VILLAGE WATER,,unmatched_system,Y,N
epa_system,JEFFERSONVILLE WATER SYSTEM,,,VT0005150,JEFFERSONVILLE WATER SYSTEM,,unmatched_system,Y,N
epa_system,SMUGGLERS NOTCH WATER SYSTEM,,,VT0005151,SMUGGLERS NOTCH WATER SYSTEM,,unmatched_system,Y,N
epa_system,ELMORE WATER DISTRICT,,,VT0005152,ELMORE WATER DISTRICT,,unmatched_system,Y,N
epa_system,HYDE PARK FIRE DISTRICT 1,,,VT0005153,HYDE PARK FIRE DISTRICT 1,,unmatched_system,Y,N
epa_system,HYDE PARK WATER SYSTEM,,,VT0005154,HYDE PARK WATER SYSTEM,,unmatched_system,Y,N
epa_system,MORRISTOWN CORNERS WATER CORP,,,VT0005158,MORRISTOWN CORNERS WATER CORP,,unmatched_system,Y,N
epa_system,MORRISVILLE WATER AND LIGHT,,,VT0005160,MORRISVILLE WATER AND LIGHT,,unmatched_system,Y,N
epa_system,PINECREST MOBILE HOME PARK,,,VT0005162,PINECREST MOBILE HOME PARK,,unmatched_system,Y,N
epa_system,STOWE F D 2 GOLD BROOK CIRCLE,,,VT0005168,STOWE F D 2 GOLD BROOK CIRCLE,,unmatched_system,Y,N
epa_system,WATERVILLE FIRE DISTRICT 1,,,VT0005169,WATERVILLE FIRE DISTRICT 1,,unmatched_system,Y,N
epa_system,BRADFORD VILLAGE WATER SYSTEM,,,VT0005170,BRADFORD VILLAGE WATER SYSTEM,,unmatched_system,Y,N
epa_system,MOBILE ACRES MHP,,,VT0005171,MOBILE ACRES MHP,,unmatched_system,Y,N
epa_system,FAIRLEE TOWN WATER,,,VT0005174,FAIRLEE TOWN WATER,,unmatched_system,Y,N
epa_system,NEWBURY VILLAGE INC,,,VT0005175,NEWBURY VILLAGE INC,,unmatched_system,Y,N
epa_system,WELLS RIVER WATER SYSTEM,,,VT0005176,WELLS RIVER WATER SYSTEM,,unmatched_system,Y,N
epa_system,RANDOLPH CENTER WATER SYSTEM,,,VT0005177,RANDOLPH CENTER WATER SYSTEM,,unmatched_system,Y,N
epa_system,RANDOLPH VILLAGE,,,VT0005179,RANDOLPH VILLAGE,,unmatched_system,Y,N
epa_system,ARMSTRONGS MHP,,,VT0005180,ARMSTRONGS MHP,,unmatched_system,Y,N
epa_system,THETFORD WATER COOP INC,,,VT0005181,THETFORD WATER COOP INC,,unmatched_system,Y,N
epa_system,UNION WATER CO,,,VT0005182,UNION WATER CO,,unmatched_system,Y,N
epa_system,EAST THETFORD WATER CO,,,VT0005184,EAST THETFORD WATER CO,,unmatched_system,Y,N
epa_system,WASHINGTON FIRE DISTRICT,,,VT0005185,WASHINGTON FIRE DISTRICT,,unmatched_system,Y,N
epa_system,WILLIAMSTOWN WATER DEPT,,,VT0005186,WILLIAMSTOWN WATER DEPT,,unmatched_system,Y,N
epa_system,ALBANY WATER SYSTEM,,,VT0005188,ALBANY WATER SYSTEM,,unmatched_system,Y,N
epa_system,BARTON WATER SYSTEM,,,VT0005189,BARTON WATER SYSTEM,,unmatched_system,Y,N
epa_system,ORLEANS WATER SYSTEM,,,VT0005190,ORLEANS WATER SYSTEM,,unmatched_system,Y,N
epa_system,COVENTRY FIRE DISTRICT 1,,,VT0005191,COVENTRY FIRE DISTRICT 1,,unmatched_system,Y,N
epa_system,CRAFTSBURY FIRE DISTRICT 2,,,VT0005194,CRAFTSBURY FIRE DISTRICT 2,,unmatched_system,Y,N
epa_system,GREENSBORO FIRE DISTRICT 1,,,VT0005198,GREENSBORO FIRE DISTRICT 1,,unmatched_system,Y,N
epa_system,GREENSBORO BEND FIRE DISTRICT #2,,,VT0005199,GREENSBORO BEND FIRE DISTRICT #2,,unmatched_system,Y,N
epa_system,IRASBURG FD #1,,,VT0005200,IRASBURG FD #1,,unmatched_system,Y,N
epa_system,JAY PEAK SUBDIVISION II,,,VT0005201,JAY PEAK SUBDIVISION II,,unmatched_system,Y,N
epa_system,NEWPORT CENTER WATER SYSTEM,,,VT0005204,NEWPORT CENTER WATER SYSTEM,,unmatched_system,Y,N
epa_system,NORTH TROY WATER SYSTEM,,,VT0005205,NORTH TROY WATER SYSTEM,,unmatched_system,Y,N
epa_system,TROY WATER SYSTEM,,,VT0005206,TROY WATER SYSTEM,,unmatched_system,Y,N
epa_system,WESTFIELD FIRE DISTRICT 1,,,VT0005207,WESTFIELD FIRE DISTRICT 1,,unmatched_system,Y,N
epa_system,EASTRIDGE ACRES ASSOCIATION,,,VT0005220,EASTRIDGE ACRES ASSOCIATION,,unmatched_system,Y,N
epa_system,EAST MOUNTAIN WATER CORP,,,VT0005221,EAST MOUNTAIN WATER CORP,,unmatched_system,Y,N
epa_system,GRANDVIEW ACRES WATER COOP,,,VT0005237,GRANDVIEW ACRES WATER COOP,,unmatched_system,Y,N
epa_system,PICO VILLAGE WATER CORP,,,VT0005238,PICO VILLAGE WATER CORP,,unmatched_system,Y,N
epa_system,HEMLOCK RIDGE CONDOMINIUM,,,VT0005240,HEMLOCK RIDGE CONDOMINIUM,,unmatched_system,Y,N
epa_system,WEBSTERVILLE WATER SYSTEM,,,VT0005247,WEBSTERVILLE WATER SYSTEM,,unmatched_system,Y,N
epa_system,GRANITEVILLE FIRE DISTRICT 4,,,VT0005248,GRANITEVILLE FIRE DISTRICT 4,,unmatched_system,Y,N
epa_system,BIRCHWOOD PARK,,,VT0005253,BIRCHWOOD PARK,,unmatched_system,Y,N
epa_system,BARRE CITY WATER SYSTEM,,,VT0005254,BARRE CITY WATER SYSTEM,,unmatched_system,Y,N
epa_system,BERLIN WATER CO INC,,,VT0005255,BERLIN WATER CO INC,,unmatched_system,Y,N
epa_system,WESTONS MOBILE HOME PARK,,,VT0005258,WESTONS MOBILE HOME PARK,,unmatched_system,Y,N
epa_system,CABOT TOWN WATER SYSTEM,,,VT0005261,CABOT TOWN WATER SYSTEM,,unmatched_system,Y,N
epa_system,EAST CALAIS FIRE DISTRICT 1,,,VT0005262,EAST CALAIS FIRE DISTRICT 1,,unmatched_system,Y,N
epa_system,CRYSTAL SPRINGS WATER SYSTEM,,,VT0005264,CRYSTAL SPRINGS WATER SYSTEM,,unmatched_system,Y,N
epa_system,SANDY PINES MHP,,,VT0005267,SANDY PINES MHP,,unmatched_system,Y,N
epa_system,SUGAR RUN ASSOCIATION INC,,,VT0005268,SUGAR RUN ASSOCIATION INC,,unmatched_system,Y,N
epa_system,MARSHFIELD WATER SYSTEM,,,VT0005269,MARSHFIELD WATER SYSTEM,,unmatched_system,Y,N
epa_system,NORTHFIELD WATER DEPT,,,VT0005275,NORTHFIELD WATER DEPT,,unmatched_system,Y,N
epa_system,PLAINFIELD WATER SYSTEM,,,VT0005277,PLAINFIELD WATER SYSTEM,,unmatched_system,Y,N
epa_system,MOUNTAIN WATER COMPANY,,,VT0005281,MOUNTAIN WATER COMPANY,,unmatched_system,Y,N
epa_system,DRUMLEYS CONDOMINIUMS,,,VT0005282,DRUMLEYS CONDOMINIUMS,,unmatched_system,Y,N
epa_system,BRIDGES RESORT,,,VT0005283,BRIDGES RESORT,,unmatched_system,Y,N
epa_system,EAST WIND MHP,,,VT0005287,EAST WIND MHP,,unmatched_system,Y,N
epa_system,WORCESTER FIRE DISTRICT 1,,,VT0005289,WORCESTER FIRE DISTRICT 1,,unmatched_system,Y,N
epa_system,SONNENBERG WATER SYSTEM,,,VT0005314,SONNENBERG WATER SYSTEM,,unmatched_system,Y,N
epa_system,BETHEL WATER DEPT,,,VT0005315,BETHEL WATER DEPT,,unmatched_system,Y,N
epa_system,QUECHEE CENTRAL,,,VT0005320,QUECHEE CENTRAL,,unmatched_system,Y,N
epa_system,NORTH HARTLAND COOP WATER SYSTEM INC,,,VT0005322,NORTH HARTLAND COOP WATER SYSTEM INC,,unmatched_system,Y,N
epa_system,NORWICH FIRE DISTRICT 1,,,VT0005326,NORWICH FIRE DISTRICT 1,,unmatched_system,Y,N
epa_system,ROCHESTER WATER SYSTEM,,,VT0005328,ROCHESTER WATER SYSTEM,,unmatched_system,Y,N
epa_system,ROYALTON FIRE DISTRICT 1,,,VT0005330,ROYALTON FIRE DISTRICT 1,,unmatched_system,Y,N
epa_system,CHALET VILLAGE,,,VT0005335,CHALET VILLAGE,,unmatched_system,Y,N
epa_system,ASCUTNEY FIRE DISTRICT #2,,,VT0005339,ASCUTNEY FIRE DISTRICT #2,,unmatched_system,Y,N
epa_system,WINDSOR WATER DEPT,,,VT0005341,WINDSOR WATER DEPT,,unmatched_system,Y,N
epa_system,MOUNT ASCUTNEY MHP,,,VT0005342,MOUNT ASCUTNEY MHP,,unmatched_system,Y,N
epa_system,WOODSTOCK AQUEDUCT CO,,,VT0005343,WOODSTOCK AQUEDUCT CO,,unmatched_system,Y,N
epa_system,RMC MOBILE HOME PARK,,,VT0005344,RMC MOBILE HOME PARK,,unmatched_system,Y,N
epa_system,COBURN MHP,,,VT0005347,COBURN MHP,,unmatched_system,Y,N
epa_system,WEST FAIRLEE MHP,,,VT0005353,WEST FAIRLEE MHP,,unmatched_system,Y,N
epa_system,DIVIDED SKY FOUNDATION,,,VT0005357,DIVIDED SKY FOUNDATION,,unmatched_system,Y,N
epa_system,BIRCHWOOD CONDOMINIUM ASSOCIATION,,,VT0005374,BIRCHWOOD CONDOMINIUM ASSOCIATION,,unmatched_system,Y,N
epa_system,TALL TIMBERS MHP,,,VT0005375,TALL TIMBERS MHP,,unmatched_system,Y,N
epa_system,RUTLAND TOWN FIRE DISTRICT 6,,,VT0005378,RUTLAND TOWN FIRE DISTRICT 6,,unmatched_system,Y,N
epa_system,EDGEMONT CONDOMINIUMS,,,VT0005382,EDGEMONT CONDOMINIUMS,,unmatched_system,Y,N
epa_system,WHIFFLETREE CONDOMINIUM,,,VT0005384,WHIFFLETREE CONDOMINIUM,,unmatched_system,Y,N
epa_system,MANSFIELD VIEW WATER CORP,,,VT0005385,MANSFIELD VIEW WATER CORP,,unmatched_system,Y,N
epa_system,BATTLEGROUND CONDOMINIUM,,,VT0005397,BATTLEGROUND CONDOMINIUM,,unmatched_system,Y,N
epa_system,WINDY HILL ACRES MHP,,,VT0005399,WINDY HILL ACRES MHP,,unmatched_system,Y,N
epa_system,MERRIMAC MANOR MHP,,,VT0005424,MERRIMAC MANOR MHP,,unmatched_system,Y,N
epa_system,RICHMOND FIRE DISTRICT 1,,,VT0005426,RICHMOND FIRE DISTRICT 1,,unmatched_system,Y,N
epa_system,RUTLAND TOWN FIRE DISTRICT 5,,,VT0005429,RUTLAND TOWN FIRE DISTRICT 5,,unmatched_system,Y,N
epa_system,COMMONS,,,VT0005435,COMMONS,,unmatched_system,Y,N
epa_system,MCINDOE FALLS FIRE DISTRICT 3,,,VT0005441,MCINDOE FALLS FIRE DISTRICT 3,,unmatched_system,Y,N
epa_system,ROUND TOP,,,VT0005462,ROUND TOP,,unmatched_system,Y,N
epa_system,NORWICH MEADOWS,,,VT0005475,NORWICH MEADOWS,,unmatched_system,Y,N
epa_system,JERICHO FIRE DISTRICT 1,,,VT0005476,JERICHO FIRE DISTRICT 1,,unmatched_system,Y,N
epa_system,RIVERSIDE MHP,,,VT0005493,RIVERSIDE MHP,,unmatched_system,Y,N
epa_system,COLONIAL ESTATES WATER CORP,,,VT0005499,COLONIAL ESTATES WATER CORP,,unmatched_system,Y,N
epa_system,WASHINGTON NORTH MHP,,,VT0005502,WASHINGTON NORTH MHP,,unmatched_system,Y,N
epa_system,BURKE MOUNTAIN WATER CO,,,VT0005503,BURKE MOUNTAIN WATER CO,,unmatched_system,Y,N
epa_system,FIDDLEHEAD CONDOMINIUMS,,,VT0005504,FIDDLEHEAD CONDOMINIUMS,,unmatched_system,Y,N
epa_system,LIMEHURST MHP,,,VT0005518,LIMEHURST MHP,,unmatched_system,Y,N
epa_system,STOWE FIRE DISTRICT 4,,,VT0005523,STOWE FIRE DISTRICT 4,,unmatched_system,Y,N
epa_system,SNOWSIDE CONDOMINIUM,,,VT0005524,SNOWSIDE CONDOMINIUM,,unmatched_system,Y,N
epa_system,BERLIN HEALTH  REHABILITATION CTR,,,VT0005529,BERLIN HEALTH  REHABILITATION CTR,,unmatched_system,Y,N
epa_system,UNION HOUSE NURSING HOME,,,VT0005530,UNION HOUSE NURSING HOME,,unmatched_system,Y,N
epa_system,RIVER ROAD APARTMENTS,,,VT0005538,RIVER ROAD APARTMENTS,,unmatched_system,Y,N
epa_system,MOUNTAIN GREEN CONDOMINIUM,,,VT0005539,MOUNTAIN GREEN CONDOMINIUM,,unmatched_system,Y,N
epa_system,PINNACLE CONDOMINIUM,,,VT0005540,PINNACLE CONDOMINIUM,,unmatched_system,Y,N
epa_system,JAY PEAK WATER SYSTEM,,,VT0005565,JAY PEAK WATER SYSTEM,,unmatched_system,Y,N
epa_system,BARRE TOWN WATER SYSTEM,,,VT0005566,BARRE TOWN WATER SYSTEM,,unmatched_system,Y,N
epa_system,TELEMARK VILLAGE,,,VT0005571,TELEMARK VILLAGE,,unmatched_system,Y,N
epa_system,MOON RIDGE CONDOMINIUM,,,VT0005575,MOON RIDGE CONDOMINIUM,,unmatched_system,Y,N
epa_system,CHELSEA ELDERLY HOUSING,,,VT0005581,CHELSEA ELDERLY HOUSING,,unmatched_system,Y,N
epa_system,CHELSEA FAMILY HOUSING,,,VT0005582,CHELSEA FAMILY HOUSING,,unmatched_system,Y,N
epa_system,BLAKE HILL,,,VT0005586,BLAKE HILL,,unmatched_system,Y,N
epa_system,CHRISTMAS TREE - SUNDOWN CONDOMINIUM,,,VT0005589,CHRISTMAS TREE - SUNDOWN CONDOMINIUM,,unmatched_system,Y,N
epa_system,FLY IN WATER SYSTEM,,,VT0005596,FLY IN WATER SYSTEM,,unmatched_system,Y,N
epa_system,TRAIL CREEK CONDOMINIUM,,,VT0005597,TRAIL CREEK CONDOMINIUM,,unmatched_system,Y,N
epa_system,WEST WINDSOR MOUNTAIN WATER SYSTEM,,,VT0005599,WEST WINDSOR MOUNTAIN WATER SYSTEM,,unmatched_system,Y,N
epa_system,WINTERGREEN AT KILLINGTON,,,VT0005603,WINTERGREEN AT KILLINGTON,,unmatched_system,Y,N
epa_system,NORTHSIDE CONDOMINIUM,,,VT0005604,NORTHSIDE CONDOMINIUM,,unmatched_system,Y,N
epa_system,MAPLE LANE NURSING HOME,,,VT0005607,MAPLE LANE NURSING HOME,,unmatched_system,Y,N
epa_system,SOUTHFACE,,,VT0005608,SOUTHFACE,,unmatched_system,Y,N
epa_system,NOTCHBROOK CONDOMINIUM,,,VT0005611,NOTCHBROOK CONDOMINIUM,,unmatched_system,Y,N
epa_system,DAIRY CENTER,,,VT0005617,DAIRY CENTER,,unmatched_system,Y,N
epa_system,GLAZE BROOK,,,VT0005619,GLAZE BROOK,,unmatched_system,Y,N
epa_system,VALLEY PARK CONDOMINIUM,,,VT0005626,VALLEY PARK CONDOMINIUM,,unmatched_system,Y,N
epa_system,WOODS AT KILLINGTON,,,VT0005631,WOODS AT KILLINGTON,,unmatched_system,Y,N
epa_system,KILLINGTON UPLAND WATER CO INC,,,VT0005632,KILLINGTON UPLAND WATER CO INC,,unmatched_system,Y,N
epa_system,CHELSEA WATER SYSTEM,,,VT0005638,CHELSEA WATER SYSTEM,,unmatched_system,Y,N
epa_system,COUNTRY CLUB CONDOMINIUM,,,VT0005640,COUNTRY CLUB CONDOMINIUM,,unmatched_system,Y,N
epa_system,FALL LINE TOWN HOUSES,,,VT0005647,FALL LINE TOWN HOUSES,,unmatched_system,Y,N
epa_system,BIRCH HILL WATER SYSTEM,,,VT0005650,BIRCH HILL WATER SYSTEM,,unmatched_system,Y,N
epa_system,JERICHO EAST HOME OWNERS ASSOCIATION,,,VT0005652,JERICHO EAST HOME OWNERS ASSOCIATION,,unmatched_system,Y,N
epa_system,HOLBROOK BAY COMMONS,,,VT0005655,HOLBROOK BAY COMMONS,,unmatched_system,Y,N
epa_system,CLUB SUGARBUSH WATER SYSTEM,,,VT0005657,CLUB SUGARBUSH WATER SYSTEM,,unmatched_system,Y,N
epa_system,CENTRAL VERMONT MEDICAL CENTER,,,VT0008300,CENTRAL VERMONT MEDICAL CENTER,,unmatched_system,Y,N
epa_system,STERLING VIEW COOPERATIVE COMMUNITY INC,,,VT0020092,STERLING VIEW COOPERATIVE COMMUNITY INC,,unmatched_system,Y,N
epa_system,FARMS AT CLUB SUGARBUSH,,,VT0020135,FARMS AT CLUB SUGARBUSH,,unmatched_system,Y,N
epa_system,STARLAKE VILLAGE LEASEHOLDERS ASSOC,,,VT0020308,STARLAKE VILLAGE LEASEHOLDERS ASSOC,,unmatched_system,Y,N
epa_system,FAIRFIELD FIRE DISTRICT 2,,,VT0020415,FAIRFIELD FIRE DISTRICT 2,,unmatched_system,Y,N
epa_system,SOLITUDE WATER SYSTEM,,,VT0020508,SOLITUDE WATER SYSTEM,,unmatched_system,Y,N
epa_system,DERBY LINE VILLAGE WATER DISTRICT,,,VT0020568,DERBY LINE VILLAGE WATER DISTRICT,,unmatched_system,Y,N
epa_system,BLACK RIVER OVERLOOK,,,VT0020618,BLACK RIVER OVERLOOK,,unmatched_system,Y,N
epa_system,SHATTUCK HILL MHP,,,VT0020737,SHATTUCK HILL MHP,,unmatched_system,Y,N
epa_system,DERBY MHP,,,VT0020744,DERBY MHP,,unmatched_system,Y,N
epa_system,BIRCH LANDING CONDOMINIUM,,,VT0020790,BIRCH LANDING CONDOMINIUM,,unmatched_system,Y,N
epa_system,COBB HILL COHOUSING INC,,,VT0020847,COBB HILL COHOUSING INC,,unmatched_system,Y,N
epa_system,RUTLAND TOWN FIRE DISTRICT 4,,,VT0020885,RUTLAND TOWN FIRE DISTRICT 4,,unmatched_system,Y,N
epa_system,JACKSON GORE OKEMO,,,VT0020917,JACKSON GORE OKEMO,,unmatched_system,Y,N
epa_system,WAITSFIELD WATER SUPPLY,,,VT0020997,WAITSFIELD WATER SUPPLY,,unmatched_system,Y,N
epa_system,WINTERBERRY CONDOS,,,VT0021023,WINTERBERRY CONDOS,,unmatched_system,Y,N
epa_system,HERITAGE HILL ASSOCIATION,,,VT0021051,HERITAGE HILL ASSOCIATION,,unmatched_system,Y,N
epa_system,MEADOWS - GABLES I WATER SYSTEM,,,VT0021053,MEADOWS - GABLES I WATER SYSTEM,,unmatched_system,Y,N
epa_system,WHEELER BROOK HOUSING DEVELOPMENT,,,VT0021121,WHEELER BROOK HOUSING DEVELOPMENT,,unmatched_system,Y,N
epa_system,NOTCHBROOK III,,,VT0021199,NOTCHBROOK III,,unmatched_system,Y,N
epa_system,BERLIN MUNICIPAL WATER SYSTEM,,,VT0021202,BERLIN MUNICIPAL WATER SYSTEM,,unmatched_system,Y,N
epa_system,KILLINGTON GATEWAY I CONDO ASSOCIATION,,,VT0021207,KILLINGTON GATEWAY I CONDO ASSOCIATION,,unmatched_system,Y,N
epa_system,KILLINGTON GATEWAY II CONDO ASSOC INC,,,VT0021208,KILLINGTON GATEWAY II CONDO ASSOC INC,,unmatched_system,Y,N
epa_system,"CONCORD ESTATES MHP, LLC.",,,VT0021384,"CONCORD ESTATES MHP, LLC.",,unmatched_system,Y,N
epa_system,NORTHWOODS VILLAGE APARTMENTS,,,VT0021515,NORTHWOODS VILLAGE APARTMENTS,,unmatched_system,Y,N
