boundary_id,name,towns,ask,fields,question
VTFD-0001,Danville Fire District 1,Danville,District,legal_authority_type; legal_citation,"What legally established the district and its boundary: a town meeting vote, a selectboard order, a legislative charter, an ordinance? Please give the date and where the record is kept."
VTFD-0001,Danville Fire District 1,Danville,Town clerk,recorded_document,"Is a plat, map or written description of the district boundary recorded in the town land records? If so, the book and page (a copy or scan is ideal)."
VTFD-0001,Danville Fire District 1,Danville,District,formation_date,"When was the district formed (the date of the vote, order or act)?"
VTFD-0001,Danville Fire District 1,Danville,District,effective_date; boundary_changes,"Has the boundary changed since the district was formed (annexations, detachments, mergers)? For each change: the date, and the vote or order that made it."
VTFD-0001,Danville Fire District 1,Danville,District,original_data_provider; method; method_basis; source_date; date_created,"Who drew the boundary file you sent, roughly when, and from what (a recorded plat, tax parcels, a paper map, a written description, the town line)?"
VTFD-0001,Danville Fire District 1,Danville,District,verification_status; verification_date; verification_process; verifier_type; verifier_name,"Please look over the attached map of the boundary and confirm it matches the district's records, or mark what's wrong. Who reviewed it (name and role), and on what date?"
VTFD-0001,Danville Fire District 1,Danville,District,source_crs,"If you still have the original GIS file, please resend it as a complete zipped shapefile (.shp, .shx, .dbf, .prj) or a GeoPackage. The copy we have has no coordinate system or attributes."
VTFD-0001,Danville Fire District 1,Danville,Project team,submitted_by; submission_date,Record who sent this file and when (check the original email). Only the repo commit date is known.
VTFD-0001,Danville Fire District 1,Danville,Project team,SOURCE.md,Write boundary_submissions/Danville Fire District 1/SOURCE.md (copy South Alburgh's) once the sender and date are known.
VTFD-0002,East Hardwick Fire District 1,Hardwick,District,legal_authority_type; legal_citation,"What legally established the district and its boundary: a town meeting vote, a selectboard order, a legislative charter, an ordinance? Please give the date and where the record is kept."
VTFD-0002,East Hardwick Fire District 1,Hardwick,Town clerk,recorded_document,"Is a plat, map or written description of the district boundary recorded in the town land records? If so, the book and page (a copy or scan is ideal)."
VTFD-0002,East Hardwick Fire District 1,Hardwick,District,formation_date,"When was the district formed (the date of the vote, order or act)?"
VTFD-0002,East Hardwick Fire District 1,Hardwick,District,effective_date; boundary_changes,"Has the boundary changed since the district was formed (annexations, detachments, mergers)? For each change: the date, and the vote or order that made it."
VTFD-0002,East Hardwick Fire District 1,Hardwick,District,original_data_provider; method; method_basis; source_date; date_created,"Who drew the boundary file you sent, roughly when, and from what (a recorded plat, tax parcels, a paper map, a written description, the town line)?"
VTFD-0002,East Hardwick Fire District 1,Hardwick,District,verification_status; verification_date; verification_process; verifier_type; verifier_name,"Please look over the attached map of the boundary and confirm it matches the district's records, or mark what's wrong. Who reviewed it (name and role), and on what date?"
VTFD-0002,East Hardwick Fire District 1,Hardwick,District,source_crs,"If you still have the original GIS file, please resend it as a complete zipped shapefile (.shp, .shx, .dbf, .prj) or a GeoPackage. The copy we have has no coordinate system or attributes."
VTFD-0002,East Hardwick Fire District 1,Hardwick,Project team,submitted_by; submission_date,Record who sent this file and when (check the original email). Only the repo commit date is known.
VTFD-0002,East Hardwick Fire District 1,Hardwick,Project team,SOURCE.md,Write boundary_submissions/East Hardwick Fire District 1/SOURCE.md (copy South Alburgh's) once the sender and date are known.
VTFD-0006,Fairfax Fire District 1,Fairfax,Town clerk,recorded_document,"The district's charter, 24 V.S.A. App. ch. 511, § 2 (Fairfax Fire District No. 1), says the boundary is recorded with the town. Which book and page, and can we get a copy or scan?"
VTFD-0006,Fairfax Fire District 1,Fairfax,District,formation_date,"When was the district formed (the date of the vote, order or act)?"
VTFD-0006,Fairfax Fire District 1,Fairfax,District,effective_date; boundary_changes,"Has the boundary changed since the district was formed (annexations, detachments, mergers)? For each change: the date, and the vote or order that made it."
VTFD-0006,Fairfax Fire District 1,Fairfax,Town clerk,verification_status; verification_date; verification_process; verifier_type; verifier_name,"Please look over the attached map of the boundary and confirm it matches the district's records, or mark what's wrong. Who reviewed it (name and role), and on what date?"
VTFD-0003,Peacham Fire District 1,Peacham,District,legal_authority_type; legal_citation,"What legally established the district and its boundary: a town meeting vote, a selectboard order, a legislative charter, an ordinance? Please give the date and where the record is kept."
VTFD-0003,Peacham Fire District 1,Peacham,Town clerk,recorded_document,"Is a plat, map or written description of the district boundary recorded in the town land records? If so, the book and page (a copy or scan is ideal)."
VTFD-0003,Peacham Fire District 1,Peacham,District,formation_date,"When was the district formed (the date of the vote, order or act)?"
VTFD-0003,Peacham Fire District 1,Peacham,District,effective_date; boundary_changes,"Has the boundary changed since the district was formed (annexations, detachments, mergers)? For each change: the date, and the vote or order that made it."
VTFD-0003,Peacham Fire District 1,Peacham,District,original_data_provider; method; method_basis; source_date; date_created,"Who drew the boundary file you sent, roughly when, and from what (a recorded plat, tax parcels, a paper map, a written description, the town line)?"
VTFD-0003,Peacham Fire District 1,Peacham,District,verification_status; verification_date; verification_process; verifier_type; verifier_name,"Please look over the attached map of the boundary and confirm it matches the district's records, or mark what's wrong. Who reviewed it (name and role), and on what date?"
VTFD-0003,Peacham Fire District 1,Peacham,District,source_crs,"If you still have the original GIS file, please resend it as a complete zipped shapefile (.shp, .shx, .dbf, .prj) or a GeoPackage. The copy we have has no coordinate system or attributes."
VTFD-0003,Peacham Fire District 1,Peacham,Project team,submitted_by; submission_date,Record who sent this file and when (check the original email). Only the repo commit date is known.
VTFD-0003,Peacham Fire District 1,Peacham,Project team,SOURCE.md,Write boundary_submissions/Peacham Fire District 1/SOURCE.md (copy South Alburgh's) once the sender and date are known.
VTFD-0004,South Alburgh Fire District 2,Alburgh,District,legal_authority_type; legal_citation,"What legally established the district and its boundary: a town meeting vote, a selectboard order, a legislative charter, an ordinance? Please give the date and where the record is kept."
VTFD-0004,South Alburgh Fire District 2,Alburgh,Town clerk,recorded_document,"Is a plat, map or written description of the district boundary recorded in the town land records? If so, the book and page (a copy or scan is ideal)."
VTFD-0004,South Alburgh Fire District 2,Alburgh,District,formation_date,"When was the district formed (the date of the vote, order or act)?"
VTFD-0004,South Alburgh Fire District 2,Alburgh,District,effective_date; boundary_changes,"Has the boundary changed since the district was formed (annexations, detachments, mergers)? For each change: the date, and the vote or order that made it."
VTFD-0004,South Alburgh Fire District 2,Alburgh,District,original_data_provider; method; method_basis; source_date; date_created,"Who drew the boundary file John Kiernan sent us, roughly when, and from what (a recorded plat, tax parcels, a paper map, a written description, the town line)?"
VTFD-0004,South Alburgh Fire District 2,Alburgh,District,verification_status; verification_date; verification_process; verifier_type; verifier_name,"Please look over the attached map of the boundary and confirm it matches the district's records, or mark what's wrong. Who reviewed it (name and role), and on what date?"
VTFD-0004,South Alburgh Fire District 2,Alburgh,District,pwsid,"What is the district's public water system ID (PWSID, e.g. VT0005037)? It isn't matched in our records."
VTFD-0005,Williamstown Fire District,Williamstown,District,formation_date,"When was the district formed (the date of the vote, order or act)?"
VTFD-0005,Williamstown Fire District,Williamstown,District,effective_date; boundary_changes,"Has the boundary changed since the district was formed (annexations, detachments, mergers)? For each change: the date, and the vote or order that made it."
VTFD-0005,Williamstown Fire District,Williamstown,Town clerk,verification_status; verification_date; verification_process; verifier_type; verifier_name,"Please look over the attached map of the boundary and confirm it matches the district's records, or mark what's wrong. Who reviewed it (name and role), and on what date?"
,North Branch Fire District 1,Dover,District,geometry,"Please send the district boundary as a GIS file (GeoPackage, or a complete zipped shapefile) or a georeferenced PDF. The map on the website is an image only and can't be used without guessing coordinates."
