district_name,town,in_vrwa_list,district_type,services,research_status,boundary_path,summary,checked_on,formation_date,legal_authority_type,legal_citation,legal_text,recorded_document,governing_body,previous_names,extent_hint,open_questions,field_sources
Alburgh Fire District 1,Alburgh,Y,,,"Researched, no source",none_found,"No district website, charter or document describes this district's boundary. The only legal text on file is the Village of Alburgh charter (ch. 203 §101), a metes-and-bounds description of the village, but nothing links Fire District 1 to the village, and the project's earlier note says the village water system is a separate entity. Next step: ask the Alburgh town clerk for the selectboard order that created Fire District 1 and whether its limits match the village.",2026-10-02,,,,,,,,,"Is Alburgh Fire District 1 the same territory as the Village of Alburgh, part of it, or separate from it? | Where is the selectboard order creating the district recorded?",
South Alburgh Fire District 2,Alburgh,Y,,,Source identified,partner_file,"The project already has a partner shapefile (SAFD2 Boundary.shp, from RCAP Solutions). The district bylaws say the district was created by an Order of the Alburgh Selectmen dated June 8, 2004, and that any change to its limits needs selectboard approval. Next step: get that June 8, 2004 order from the Alburgh town clerk to check the shapefile against the legal description.",2026-10-02,2004-06-08,Municipal vote/order,"Order of the Selectmen of the Town of Alburgh dated June 8, 2004 (cited in SAFD#2 By-Laws §1.1)",,,Prudential Committee,,sub_town,Does the partner shapefile match the boundary in the 2004 selectmen's order? | Have the limits changed since 2004?,formation_date: http://www.safd2.org/wp-content/uploads/2025/02/SAFD2-BY-LAWS.pdf; legal_authority_type: http://www.safd2.org/wp-content/uploads/2025/02/SAFD2-BY-LAWS.pdf; legal_citation: http://www.safd2.org/wp-content/uploads/2025/02/SAFD2-BY-LAWS.pdf; governing_body: http://www.safd2.org/wp-content/uploads/2025/02/SAFD2-BY-LAWS.pdf; extent_hint: http://www.safd2.org/wp-content/uploads/2025/02/SAFD2-BY-LAWS.pdf
Bakersfield Fire District 1,Bakersfield,Y,,,"Researched, no source",none_found,"We have no website, charter or documents for this district, so nothing describes its boundary. Next step: ask the Bakersfield town clerk for the selectboard order that created the district and any recorded boundary map.",2026-10-02,,,,,,,,,Formation order and boundary description unknown.,
Barnet Fire District 2,Barnet,Y,,,"Researched, no source",none_found,"The Town of Barnet's fire-districts page lists it as Fire District #2 (Barnet Village), with a three-member Prudential Committee. It has no boundary text, map or legal documents. 'Barnet Village' is a lead but not a defined boundary. Next step: ask the Barnet town clerk for the district's formation order or recorded boundary.",2026-10-02,,,,,,Prudential Committee,,sub_town,Is the district coextensive with the unincorporated Barnet Village area? Is there a recorded description?,governing_body: https://barnetvt.org/town-information/fire-districts/; extent_hint: https://barnetvt.org/town-information/fire-districts/
McIndoe Falls Fire District 3,Barnet,Y,,,"Researched, no source",none_found,"The Town of Barnet's fire-districts page lists it as Fire District #3 (McIndoe Falls), with a three-member Prudential Committee. It has no boundary text, map or documents. Next step: ask the Barnet town clerk for the formation order or recorded boundary.",2026-10-02,,,,,,Prudential Committee,,sub_town,Formation order and boundary description unknown.,governing_body: https://barnetvt.org/town-information/fire-districts/; extent_hint: https://barnetvt.org/town-information/fire-districts/
Passumpsic Fire District 1,Barnet,Y,,,"Researched, no source",none_found,"The Town of Barnet's fire-districts page lists it as Fire District #1 (Passumpsic). Every office, including the Prudential Committee, is listed as vacant, so the district may be dormant, and there is no boundary text or documents. Next step: ask the Barnet town clerk for the formation order and recorded boundary, and confirm the district still functions.",2026-10-02,,,,,,Prudential Committee,,sub_town,"With every office vacant, is the district still active, or has it been taken over by the town? | Formation order and boundary description unknown.",governing_body: https://barnetvt.org/town-information/fire-districts/; extent_hint: https://barnetvt.org/town-information/fire-districts/
Graniteville Fire District 4,Barre Town,Y,,,"Researched, no source",none_found,"We have no website, charter or documents. Earlier project research notes customers in both Barre Town and Williamstown, but that describes service, not the legal district. Next step: ask the Barre Town clerk for the formation order and recorded boundary, and check whether the district's legal limits cross into Williamstown.",2026-10-02,,,,,,,,,"Is the political district limited to Barre Town, or do only its service lines cross into Williamstown?",
East Berkshire Fire District 1,Berkshire,Y,,,Source identified,plat_reference,"The district's ordinance (effective June 11, 2016) says the district was established by Order of the Berkshire Selectmen under 20 V.S.A. ch. 171. It says the district's lots are shown on the plan 'East Berkshire Fire District No. 1 Service Area' (Tata & Howard, November 2014), recorded on Map Slide 34. Article I also cites a map titled 'East Berkshire Fire District Proposed Boundary', and the town webpage shows an untitled district outline image. Next step: get Map Slide 34 and the selectmen's order from the Berkshire town clerk and digitize the plan.",2026-10-02,,Municipal vote/order,"Order of the Selectmen of the Town of Berkshire Establishing the Fire District (ordinance cites 'April 2016'; Art. I also references January 6, 2015); 20 V.S.A. ch. 171","lots now or hereafter existing within the boundaries of the East Berkshire Fire District #1, as established pursuant to Order of the Selectmen of the Town of Berkshire Establishing the Fire District dated April 2016. Lots within the boundaries of the Fire District are shown on a map plan entitled “East Berkshire Fire District No. 1 Service Area”, Berkshire, Vermont”, prepared by Tata & Howard Engineering Firm., dated November 2014, and recorded on Map Slide 34.","Map Slide 34, Berkshire land records: 'East Berkshire Fire District No. 1 Service Area', Tata & Howard, November 2014",Prudential Committee,,sub_town,"Formation date is unclear: the ordinance says the selectmen's order is dated April 2016, but Art. I refers to a map dated November 2014 'on the 6th day of January, 2015'. | Is the recorded plan titled 'Service Area' the same as the legal district boundary?",legal_authority_type: https://www.berkshirevt.com/uploads/1/3/1/2/131290301/ebfd1_current_ordinance_9.324.docx; legal_citation: https://www.berkshirevt.com/uploads/1/3/1/2/131290301/ebfd1_current_ordinance_9.324.docx; recorded_document: https://www.berkshirevt.com/uploads/1/3/1/2/131290301/ebfd1_current_ordinance_9.324.docx; legal_text: https://www.berkshirevt.com/uploads/1/3/1/2/131290301/ebfd1_current_ordinance_9.324.docx; governing_body: https://www.berkshirevt.com/ebfd1.html; extent_hint: https://www.berkshirevt.com/uploads/1/3/1/2/131290301/ebfd1_current_ordinance_9.324.docx
Bolton Fire District 1,Bolton,N,Fire District,,Source identified,plat_reference,"Its own legislative charter (24 App. ch. 504, added 2003 No. M-18, effective May 20, 2004) says in §1 that 'the boundaries of the Bolton Fire District No. 1 shall be as recorded in the Town of Bolton land records'. It gives no book or page. Next step: ask the Bolton town clerk for the recorded boundary instrument. The district is also not on the VRWA list, so confirm it is active.",2026-10-02,2004-05-20,Legislative charter,"24 V.S.A. App. ch. 504 (2003, No. M-18 (Adj. Sess.), §2, eff. May 20, 2004)",The boundaries of the Bolton Fire District No. 1 shall be as recorded in the Town of Bolton land records.,Town of Bolton land records (no book/page given),Prudential Committee,,,Which book and page of the Bolton land records holds the boundary? | The charter's effective date may be a charter adoption rather than the district's original formation. Was the district formed earlier? | Does the district provide water? It is not on the VRWA list.,formation_date: https://legislature.vermont.gov/statutes/fullchapter/24APPENDIX/504; legal_authority_type: https://legislature.vermont.gov/statutes/fullchapter/24APPENDIX/504; legal_citation: https://legislature.vermont.gov/statutes/fullchapter/24APPENDIX/504; legal_text: https://legislature.vermont.gov/statutes/fullchapter/24APPENDIX/504; recorded_document: https://legislature.vermont.gov/statutes/fullchapter/24APPENDIX/504; governing_body: https://legislature.vermont.gov/statutes/fullchapter/24APPENDIX/504
Brandon Fire District 1,Brandon,Y,,,Source identified,whole_town,"Mapped 2026-10-02 from the district bylaws (amended Jan 9, 2023), which say it 'shall include all the areas within the Town of Brandon except those areas designated as National Forest lands'. Built as the Brandon town polygon minus USFS-owned land; only 0.35 km² of Forest Service land falls inside Brandon, so the district covers 99.7% of the town. The bylaws record adoption on April 11, 1887. Next step: ask the district to confirm the map, and whether 'National Forest lands' means current federal ownership (used here) or the land as of a particular date.",2026-10-02,1887-04-11,,"Brandon Fire District No. 1 By-Laws (amended Jan 9, 2023); 20 V.S.A. ch. 171","The Fire District No.1, of Brandon, shall include all the areas within the Town of Brandon except those areas designated as National Forest lands.",,Prudential Committee,,coextensive_with_town,"1887 is the date the bylaws were adopted. Is it also the date the district was formed? | Which National Forest parcels are excluded, and what are their current federal ownership limits?",formation_date: https://brandonfiredistrict.org/wp-content/uploads/2023/07/Fire-District-Bylaws-as-of-Jan092023-1.pdf; legal_citation: https://brandonfiredistrict.org/wp-content/uploads/2023/07/Fire-District-Bylaws-as-of-Jan092023-1.pdf; legal_text: https://brandonfiredistrict.org/wp-content/uploads/2023/07/Fire-District-Bylaws-as-of-Jan092023-1.pdf; governing_body: https://brandonfiredistrict.org/wp-content/uploads/2023/07/Fire-District-Bylaws-as-of-Jan092023-1.pdf; extent_hint: https://brandonfiredistrict.org/wp-content/uploads/2023/07/Fire-District-Bylaws-as-of-Jan092023-1.pdf
Tri Town Water District,Bridport,Y,,,"Researched, no source",none_found,"We have no website, charter or documents. The name suggests the district covers three towns, but no source we saw names them. Next step: ask the Bridport town clerk (and neighbouring towns) for the instrument that created the district.",2026-10-02,,,,,,,,,Which three towns are members? Is this a union municipal district rather than a fire district?,
Burke Fire District 1,Burke,Y,,,"Researched, no source",none_found,"We have no district website, charter or documents. Next step: ask the Burke town clerk for the formation order and recorded boundary.",2026-10-02,,,,,,,,,Formation order and boundary description unknown.,
East Calais Fire District 1,Calais,Y,,,"Researched, no source",none_found,"The only document we held, a Calais source-protection-area PDF, now returns 404, and it would have shown source protection areas, not the district's legal limits. Nothing describes the political boundary. Next step: ask the Calais town clerk for the district's formation order and recorded boundary.",2026-10-02,,,,,,,,,Formation order and boundary description unknown.,
Canaan Fire District 1,Canaan,Y,,,"Researched, no source",none_found,"We have no website, charter or documents. Canaan has two fire districts, so this one is a sub-town area. Next step: ask the Canaan town clerk for the formation orders of both districts.",2026-10-02,,,,,,,,,Which village area (e.g. Canaan village vs. Beecher Falls) does District 1 cover?,
Canaan Fire District 2,Canaan,Y,,,"Researched, no source",none_found,"We have no website, charter or documents. Next step: ask the Canaan town clerk for the formation order and recorded boundary.",2026-10-02,,,,,,,,,Which village area does District 2 cover?,
Castleton Fire District 1,Castleton,Y,,,"Researched, no source",none_found,"The district's Water Ordinance (April 2014, adopted by the Prudential Committee under 24 V.S.A. §3315) says the regulatory service area is 'defined by the boundaries of Castleton Fire District No. 1', but does not describe those boundaries. The town-hosted district page is blocked by Cloudflare (HTTP 403). Next step: have a person open the town page, and ask the Castleton town clerk for the formation order or recorded boundary.",2026-10-02,,,,,,Prudential Committee,,sub_town,Where is the district's legal boundary recorded?,governing_body: https://www.castletonvermont.org/sites/g/files/vyhlif376/f/uploads/cfd1_water_ordinance.pdf; extent_hint: https://www.castletonvermont.org/sites/g/files/vyhlif376/f/uploads/cfd1_water_ordinance.pdf
Castleton Fire District 3,Castleton,Y,,,"Researched, no source",none_found,"Its Water Rate Policy (effective Sept 20, 2007; Bomoseen address) says all properties pay bond and operating costs whether or not connected, which suggests a defined taxing area, but nothing we saw describes it. The town-hosted page is blocked by Cloudflare (HTTP 403). Next step: have a person open the page, and ask the Castleton town clerk for the formation order.",2026-10-02,,,,,,Prudential Committee,,sub_town,Formation order and boundary description unknown.,governing_body: https://www.castletonvermont.org/sites/g/files/vyhlif376/f/pages/cfd3_water_rate_policy.pdf; extent_hint: https://www.castletonvermont.org/sites/g/files/vyhlif376/f/pages/cfd3_water_rate_policy.pdf
Colchester Fire District 2,Colchester,Y,,,Source identified,district_map,"The district website links a Town of Colchester map, 'Water Service Providers in Colchester, Vermont' (8/3/2022). It has a 'Fire District Territory' inset showing District 2's outline, citing 'Fire District Boundaries - CCRPC, TOC 2022'. The main map shows District 2's service area separately. The Colchester town charter sections on file do not describe the district. Next step: ask CCRPC or the Town of Colchester for the 2022 fire-district boundary GIS layer.",2026-10-02,,,,,,Prudential Committee,,sub_town,Can the CCRPC/Town 2022 'Fire District Boundaries' layer be obtained? | Formation date and instrument unknown.,governing_body: https://cfd2vt.com/; extent_hint: https://cfd2vt.com/wp-content/uploads/2024/04/Water-Service-Providers-Map-8-3-22.png
Coventry Fire District 1,Coventry,Y,,,"Researched, no source",none_found,"The town-hosted page gives only contact details and links to agendas, minutes and a 2025 letter. It has no boundary, formation or governance information. Next step: ask the Coventry town clerk for the formation order and recorded boundary.",2026-10-02,,,,,,,,,Formation order and boundary description unknown.,
Craftsbury Fire District 2,Craftsbury,Y,,,"Researched, no source",none_found,"The only district page we knew of, townofcraftsbury.com/fire-district-2, now redirects to craftsbury.gov/fire-district-2, which returns 404. No source describes the boundary. Next step: ask the Craftsbury town clerk for the formation order and recorded boundary.",2026-10-02,,,,,,,,,Formation order and boundary description unknown.,
Danby Mount Tabor Fire District 1,Danby,Y,,,"Researched, no source",none_found,"We have no website, charter or documents. The name suggests the district may cover parts of both Danby and Mount Tabor, but no source confirms this. Next step: ask the Danby and Mount Tabor town clerks for the formation order.",2026-10-02,,,,,,,,,Does the political district extend into Mount Tabor?,
Danville Fire District 1,Danville,Y,,,Source identified,partner_file,"The project already has a pilot shapefile digitized by ORCA interns. It matches the Town of Danville almost exactly (IoU 0.9993), but no legal source we saw confirms the district equals the town. Earlier project research notes the Town is taking the district over. Next step: get the formation order from the Danville town clerk to confirm the whole-town extent, and track the dissolution or merger.",2026-10-02,,,,,,,,,"Is the district legally coextensive with the town, or was the town outline used as a stand-in? | Has the Town's takeover dissolved the district? If so, when?",
Derby Line Village Water District,Derby,Y,,,"Researched, no source",none_found,"No source we saw defines a separate water district boundary. The derbyvt.org village page loaded, lists the Village of Derby Line trustees, and says village water/sewer bills are paid there, so the water system looks village-run. The Derby Line village charter (24 App. V.S.A. ch. 217 §101) gives a metes-and-bounds village boundary, and that is a strong lead. Next step: confirm with the village clerk whether the water district is the Village of Derby Line itself, and whether it has a separate or extended service/taxing area. Note that the charter sections on file from ch. 215 describe Derby Center, not Derby Line.",2026-10-02,,,,,,,,,Is the 'Derby Line Village Water District' the Village of Derby Line itself (trustees acting as water commissioners) or a separate entity? | Does water service or taxation extend beyond the ch. 217 §101 village limits?,
Dorset Fire District 1,Dorset,Y,,,"Researched, no source",none_found,"The district's website loaded. It calls itself 'a special district serving Dorset village and surrounding areas with fire protection and public water', governed by a Prudential Committee, but gives no boundary, formation date, charter or map. The water-system page mentions a 'System Map' but no boundary map. Next step: ask the Prudential Committee or Dorset town clerk for the selectboard order that created the district and any recorded boundary description.",2026-10-02,,,,,,Prudential Committee,,,Does the 'System Map' linked on the water-system page show the district limits or only pipes? | Date and form of the district's creation (selectboard order?),governing_body: https://www.dorsetfiredistrict.org/
East Dorset Fire District 1,Dorset,Y,,,"Researched, no source",none_found,"No website, Title 24 Appendix charter or district document is on file, so nothing describing its boundary was found. Nothing found describes the boundary. Next step: ask the Dorset town clerk for the formation order and any recorded boundary for East Dorset Fire District No. 1.",2026-10-02,,,,,,,,,Formation record and boundary description in Dorset town records? | Does the district still operate independently of Dorset Fire District 1?,
North Branch Fire District 1,Dover,Y,,,Source identified,named_features,"Mapped 2026-10-02 from the district Ordinances §2.05 (enacted Jan. 12, 2022): 'All land comprising the Deerfield River watershed which lies in the Town of Dover', citing Dover Town Record Vol. 8 at 32 (March 30, 1972). Built as Dover clipped to USGS WBD HUC8 01080203 (Deerfield River), giving 61.8 km², 66.5% of the town. Its charter (24 App. V.S.A. ch. 509 §1) only continues it 'within the corporate limits presently established'. The roster lists it as wastewater only, though its ordinances describe a combined water and wastewater system. Next step: check the polygon against the district's 2022 boundary map image (northbranchfiredistrict.com/location) and the 1972 town record.",2026-10-02,1972,Legislative charter,"24 App. V.S.A. ch. 509, § 1; boundary per NBFD Ordinances § 2.05","Section 2.05: Boundary Lines All land comprising the Deerfield River watershed which lies in the Town of Dover. See Dover Town Record Vol. 8 at 32 (March 30, 1972).","Dover Town Record Vol. 8 at 32 (March 30, 1972)",Prudential Committee,,sub_town,"Does the 2022 district map match a hydrologic Deerfield River watershed clipped to Dover? | What exactly does Dover Town Record Vol. 8 p.32 contain (vote, or a survey description)? | The VRWA roster lists services as WW only, but the Ordinances intro says it built a 'single water delivery and wastewater treatment system'.",formation_date: https://www.northbranchfiredistrict.com/; legal_authority_type: https://legislature.vermont.gov/statutes/section/24APPENDIX/509/00001; legal_citation: https://legislature.vermont.gov/statutes/section/24APPENDIX/509/00001; legal_text: https://www.northbranchfiredistrict.com/_files/ugd/cb2b9b_1b4151e4659e4024a30f6187bab0d6fc.pdf; recorded_document: https://www.northbranchfiredistrict.com/_files/ugd/cb2b9b_1b4151e4659e4024a30f6187bab0d6fc.pdf; governing_body: https://www.northbranchfiredistrict.com/_files/ugd/cb2b9b_1b4151e4659e4024a30f6187bab0d6fc.pdf; extent_hint: https://www.northbranchfiredistrict.com/_files/ugd/cb2b9b_1b4151e4659e4024a30f6187bab0d6fc.pdf
Elmore Water District,Elmore,Y,,,"Researched, no source",none_found,"No website, Title 24 Appendix charter or district document is on file, so nothing describing its boundary was found. Nothing found describes the boundary. Next step: ask the Elmore town clerk how the water district was formed and whether a boundary is recorded.",2026-10-02,,,,,,,,,"Legal form (fire district under 20 V.S.A. ch. 171, or water district under 24 V.S.A. ch. 91?) and formation record.",
Fairfax Fire District 1,Fairfax,Y,,,Source identified,named_features,"Its charter (24 App. V.S.A. ch. 511 §2) bounds the district by Bessette Road (north), Highland Road (west), Brick Church Road (south) and VT Route 104 (east), 'as recorded with the Town of Fairfax'. The project already has an approximate feature-bounded polygon (VTFD-0006) from this citation. Next step: check the polygon's edges against road centerlines, and get the town-recorded boundary to settle which side of each road is included.",2026-10-02,,Legislative charter,"24 App. V.S.A. ch. 511, § 2","The boundaries of Fairfax Fire District No. 1, as recorded with the Town of Fairfax, are bounded on the north by Bessette Road, the west by Highland Road, the south by Brick Church Road, and the east by VT Route 104.",,,,sub_town,Where is the original boundary 'recorded with the Town of Fairfax' (book/page)? | Original formation date (the 2024 charter only codified an existing district).,legal_authority_type: https://legislature.vermont.gov/statutes/section/24APPENDIX/511/00002; legal_citation: https://legislature.vermont.gov/statutes/section/24APPENDIX/511/00002; legal_text: https://legislature.vermont.gov/statutes/section/24APPENDIX/511/00002; extent_hint: https://legislature.vermont.gov/statutes/section/24APPENDIX/511/00002
East Fairfield Fire District 1,Fairfield,Y,,,"Researched, no source",none_found,"No website, Title 24 Appendix charter or district document is on file, so nothing describing its boundary was found. Nothing found describes the boundary. Next step: ask the Fairfield town clerk for the formation order and boundary record.",2026-10-02,,,,,,,,,Formation record and boundary in Fairfield town records?,
Fairfield Fire District 2,Fairfield,Y,,,"Researched, no source",none_found,"No website, Title 24 Appendix charter or district document is on file, so nothing describing its boundary was found. Nothing found describes the boundary. Next step: ask the Fairfield town clerk for the formation order and boundary record.",2026-10-02,,,,,,,,,Formation record and boundary in Fairfield town records? | Which village does FD 2 cover (Fairfield Center?),
South Georgia Fire District,Georgia,Y,,,"Researched, no source",none_found,"The district's site (water.vtkellers.com) loaded but only covers water rates, billing examples and master-meter usage data. It has nothing on the boundary, formation, charter or governance beyond a water committee that approves rates. Next step: ask the Georgia town clerk for the district's formation order and boundary record.",2026-10-02,,,,,,,,,"Formation date, legal form and boundary record? | Is water.vtkellers.com an official district site or a volunteer/private one?",
Grand Isle Consolidated Water District,Grand Isle,Y,,,Source identified,district_map,"The district's website links a 'Town of Grand Isle Water Districts' map PDF (NRPC, ArcMap, July 2013). It shows parcel-based areas for 'Grand Isle Consolidated Water District' and 'Fire District 4' that together cover essentially the whole town, with Fire District 4 in the northwest. The website says GICWD was established in 1995 and is governed by a seven-member Board of Water Commissioners. Next step: digitize or georeference the 2013 map, or ask NRPC for the source GIS layer, and confirm the boundary against the 1995 consolidation vote.",2026-10-02,1995,,,,,Board of Water Commissioners,,,"Can NRPC provide the 2013 GIS layer behind the map? | Does the district extend into South Hero (website says mains run from Eagle Camp in South Hero), or is that service only? | Consolidation of Grand Isle FD 1-3 in 1995 (earlier project research note) is not confirmed on the website; get the consolidation vote/order.",formation_date: https://gicwd.com/; governing_body: https://gicwd.com/
Grand Isle Fire District 4,Grand Isle,Y,,,Source identified,district_map,"The 2013 NRPC 'Town of Grand Isle Water Districts' map (linked from gicwd.com) shows Fire District 4 as a parcel-based area in the northwest part of town, next to the Consolidated Water District. The town-hosted FD 4 page says a charter and bylaws were adopted July 17, 1967, and that a Prudential Committee governs. Next step: digitize the FD 4 area from the NRPC map (or get NRPC's GIS layer), and request the 1967 charter from the district for any written boundary.",2026-10-02,1967-07-17,,,,,Prudential Committee,,sub_town,Does the 1967 charter contain a written boundary? | Is the map on the town FD 4 page the same as the NRPC 2013 map?,formation_date: https://grandislevt.org/boards-minutes-agendas/fire-district-4/; governing_body: https://grandislevt.org/boards-minutes-agendas/fire-district-4/; extent_hint: https://gicwd.com/wp-content/uploads/2025/02/GI-Map-with-Districts.pdf
Greensboro Bend Fire District 2,Greensboro,Y,,,"Researched, no source",none_found,The town-hosted page we hold only mentions Greensboro Fire District #1 and has nothing on FD 2 or Greensboro Bend. No source describing FD 2's boundary was found. Next step: ask the Greensboro town clerk for FD 2's formation order and boundary.,2026-10-02,,,,,,,,,Formation record and boundary for FD 2? | Packet note says FD 2 serves only 13-15 addresses. Not confirmed on the page as fetched.,
Greensboro Fire District 1,Greensboro,Y,,,"Researched, no source",none_found,"The town water page and the FD 1 PDF loaded. The PDF is a scanned January 25, 2016 annual meeting warning listing a Prudential Committee, with no boundary text. No boundary description, charter or map was found. Next step: look for the 1925 'charter as a separate municipality' (earlier project research note) in the session laws, and ask the town clerk for the 1912 formation order.",2026-10-02,,,,,,Prudential Committee,,,Is there a 1925 legislative act chartering FD 1 (earlier project research note) with a boundary? It is not in the current Title 24 Appendix. | 1912 formation record in Greensboro town records?,governing_body: https://greensborovt.gov/wp-content/uploads/2016/01/Greensboro-Fire-District-No-1.pdf
East Hardwick Fire District 1,Hardwick,Y,,,"Researched, no source",none_found,"THE MAPPED POLYGON MAY BE WRONG. The current polygon (VTFD-0002) covers the whole Town of Hardwick (IoU 0.998), and the project lead's 2026-08-14 QA check accepted it as town-wide. But two sources say the district is only the Village of East Hardwick: a c.1944 'Brief Historical Sketch' (scanned district document) and the Hardwick Historical Society Journal (2020) both say the Hardwick selectmen created it in November 1912 and 'fixed the boundaries comprising the entire Village of East Hardwick'. The 2023 bylaws also describe it as 'the area of East Hardwick Village as depicted in the attached map', though no map is attached to the online copy. The polygon stays on the map until this is resolved. Next step: get the 1912 selectmen's order from the Hardwick town clerk or the bylaws map from the district, then redraw the boundary and remove it from the town-wide confirmed list.",2026-10-02,1912-11,Municipal vote/order,"Order of Hardwick Selectmen, November 1912, on petition (20 V.S.A. ch. 171 per bylaws)","In November, 1912, the Selectmen of the Town of Hardwick, Vermont, C. A. Stanford, T. G. Bronson and C. L. French, in response to a petition signed by more than 20 legal voters, established the Hardwick Fire District, and fixed the boundaries comprising the entire Village of East Hardwick, Vermont.",,Prudential Committee,Hardwick Fire District No. 1,sub_town,Existing mapped polygon VTFD-0002 is coextensive with the town; sources say the district is only the Village of East Hardwick. Re-check. | Where is the 1912 selectmen's order recorded in Hardwick town records? | Can the district supply the map referenced in Bylaws Article I?,formation_date: https://drive.google.com/file/d/13LKYmo5YGNMiZ7Tf9ToYn6RmjZ5-vHoJ/view?usp=sharing; legal_authority_type: https://drive.google.com/file/d/13LKYmo5YGNMiZ7Tf9ToYn6RmjZ5-vHoJ/view?usp=sharing; legal_citation: https://drive.google.com/file/d/1bro7u0td0QDAxMbMZ0XILOTnTNe6OKGh/view?usp=sharing; legal_text: https://drive.google.com/file/d/13LKYmo5YGNMiZ7Tf9ToYn6RmjZ5-vHoJ/view?usp=sharing; governing_body: https://drive.google.com/file/d/1bro7u0td0QDAxMbMZ0XILOTnTNe6OKGh/view?usp=sharing; previous_names: https://drive.google.com/file/d/13LKYmo5YGNMiZ7Tf9ToYn6RmjZ5-vHoJ/view?usp=sharing; extent_hint: https://drive.google.com/file/d/13LKYmo5YGNMiZ7Tf9ToYn6RmjZ5-vHoJ/view?usp=sharing
Highgate Fire District 1,Highgate,Y,,,"Researched, no source",none_found,"No website, Title 24 Appendix charter or district document is on file, so nothing describing its boundary was found. Nothing found describes the boundary. Next step: ask the Highgate town clerk for the formation order and boundary record.",2026-10-02,,,,,,,,,Formation record and boundary? The project has no PWSID for this district.,
Huntington Fire District 1,Huntington,Y,,,"Researched, no source",none_found,"No website, Title 24 Appendix charter or district document is on file, so nothing describing its boundary was found. Nothing found describes the boundary. Next step: ask the Huntington town clerk for the formation order and boundary record.",2026-10-02,,,,,,,,,Formation record and boundary in Huntington town records?,
Hyde Park Fire District 1,Hyde Park,Y,,,"Researched, no source",none_found,"No source names Hyde Park Fire District 1. villageofhydepark.com describes a 'Village of Hyde Park Water District' that serves village residents and some roads outside the village (Centerville Rd, North Hyde Park Rd, Depot St, Mill St, Morey Rd, VT 15 West). The Village charter (ch. 225 §32) ties the village boundary to a Selectmen's report of May 14, 1895, so that is a lead. Next step: confirm with the village or town whether 'Hyde Park Fire District 1' is the village water district or a separate entity.",2026-10-02,,,,,,,,,"Is Hyde Park FD 1 (PWSID VT0005153) the same entity as the Village of Hyde Park Water District? | If village-run, is the political boundary the village (1895 Selectmen's report), with outside customers served by contract only?",
Irasburg Fire District 1,Irasburg,Y,,,"Researched, no source",none_found,"No website, Title 24 Appendix charter or district document is on file, so nothing describing its boundary was found. Nothing found describes the boundary. Next step: ask the Irasburg town clerk for the formation order and boundary record.",2026-10-02,,,,,,,,,Formation record and boundary in Irasburg town records?,
Jericho Fire District 1,Jericho,Y,,,"Researched, no source",none_found,"No website, Title 24 Appendix charter or district document is on file, so nothing describing its boundary was found. Nothing found describes the boundary. Next step: ask the Jericho town clerk for the formation order and boundary record.",2026-10-02,,,,,,,,,Formation record and boundary in Jericho town records?,
Sherburne Fire District 1,Killington,Y,,,"Researched, no source",none_found,"The district's website loaded. It describes a wastewater service area 'in the Killington Basin area along the Killington Road from The Woods at Killington to Glazebrook Condominiums' and a Prudential Committee. That is a service-area description, not a legal boundary, and no charter, ordinance or map was linked. Next step: ask the district or the Killington town clerk for the formation vote and any recorded district boundary. The per-parcel ERU lists may also show which parcels are assessed.",2026-10-02,,,,,,Prudential Committee,,,Could the annual per-parcel ERU assessment lists stand in for the taxing boundary? | Formation date and recorded boundary?,governing_body: https://www.sfd1.org/
Lunenburg Fire District 1,Lunenburg,Y,,,"Researched, no source",none_found,"The town page loaded but only gives contact details for Lunenburg Fire District #1 (63 Pond Hill Road), with no service area, boundary or formation info. Nothing found describes the boundary. Next step: ask the district (lunenburgfd1@gmail.com) or the Lunenburg town clerk for the formation order and boundary.",2026-10-02,,,,,,,,,Formation record and boundary in Lunenburg town records?,
Lunenburg Fire District 2,Lunenburg,Y,,,"Researched, no source",none_found,"The town page loaded but only gives contact details for Lunenburg Fire District #2 (PO 148, Gilman), with no service area, boundary or formation info. Nothing found describes the boundary. Next step: ask the district (lunenburgfiredistrict2@gmail.com) or the Lunenburg town clerk for the formation order and boundary.",2026-10-02,,,,,,,,,Formation record and boundary in Lunenburg town records?,
Lyn Haven Fire District 1,Lyndon,Y,,,"Researched, no source",none_found,"No website or own charter is on file, and the only Lyndon town charter text on file (ch. 126 §3, Powers of the Town) does not mention the fire district. Next step: request the district's formation vote/warning and any recorded boundary description from the Lyndon Town Clerk.",2026-10-02,,,,,,,,,How was the district formed (selectboard order under 20 V.S.A. ch. 171?) and is the boundary recorded in Lyndon land records?,
East Middlebury Fire District 1,Middlebury,Y,,,"Researched, no source",none_found,"Middlebury's town charter §1505 says the Fire District of East Middlebury 'shall continue under the provisions of its charter as established by act of the State Legislature,' but that district charter is not codified in Title 24 Appendix and the town-hosted district page gives no boundary. Next step: locate the original special act (Acts and Resolves) creating Fire District No. 1 of East Middlebury, which likely contains the boundary description.",2026-10-02,,Legislative charter,"24 App. V.S.A. ch. 127 § 1505 (references the district's own legislative charter, not codified)",,,Prudential Committee,,sub_town,"What is the session-law citation of the legislative act that created Fire District No. 1 of East Middlebury, and does it describe the boundary? | Has the §1505(b) merger option ever been voted on?",legal_authority_type: https://legislature.vermont.gov/statutes/section/24APPENDIX/127/01505; legal_citation: https://legislature.vermont.gov/statutes/section/24APPENDIX/127/01505; governing_body: https://www.townofmiddlebury.org/community/east_middlebury_community/index.php; extent_hint: https://www.townofmiddlebury.org/community/east_middlebury_community/index.php
Milton Fire District 1,Milton,N,Fire District,,Source identified,plat_reference,"Its charter (24 App. V.S.A. ch. 501 §1) defines the district as 33 residential lots shown on the May 1977 'Plat of Survey Showing Sawyer Property (Portion)', recorded in Map Book 3 p.101 (map no. 136) of Milton land records. Next step: obtain that plat from the Milton Town Clerk and digitize the 33 lots.",2026-10-02,,Legislative charter,"24 App. V.S.A. ch. 501 § 1 (Added 2003, No. M-5, § 2)","The boundaries of the Milton Fire District No. 1 shall consist of 33 residential lots as shown on a plan entitled “Plat of Survey Showing Sawyer Property (Portion), Milton, Vermont,” dated May, 1977, and recorded in map book 3 on page 101 of the land records of the Town of Milton, and designated as map number 136. (Added 2003, No. M-5, § 2.)","Milton land records, Map Book 3, page 101, map no. 136 (Plat of Survey Showing Sawyer Property (Portion), May 1977)",Prudential Committee,,sub_town,"Not on the VRWA list and no PWSID on file: is the district still active, and which public water system serves it? | Original formation date before the 2003 charter is not stated.",legal_authority_type: https://legislature.vermont.gov/statutes/section/24APPENDIX/501/00001; legal_citation: https://legislature.vermont.gov/statutes/section/24APPENDIX/501/00001; legal_text: https://legislature.vermont.gov/statutes/section/24APPENDIX/501/00001; recorded_document: https://legislature.vermont.gov/statutes/section/24APPENDIX/501/00001; governing_body: https://legislature.vermont.gov/statutes/chapter/24APPENDIX/501; extent_hint: https://legislature.vermont.gov/statutes/section/24APPENDIX/501/00001
Morristown Corners Water Corporation,Morristown,N,Water District,Water,Source identified,plat_reference,"Its charter (24 App. V.S.A. ch. 701 §1, 2009) defines the boundary as 47 residential parcels shown on a 'Water Resources Map' on file with the Lamoille County Planning Commission, plus corporation land described in Morristown land records. Next step: request that Water Resources Map from LCPC and match the 47 parcels to Morristown parcel data.",2026-10-02,,Legislative charter,"24 App. V.S.A. ch. 701 § 1 (Added 2009, No. M-9, § 2, eff. May 18, 2009)","The boundaries of the Morristown Corners Water Corporation shall consist of 47 residential parcels as shown on the “Water Resources Map” on file with the Lamoille County Planning Commission specifically identifying those parcels and the land and “well-head” protection areas of the Morristown Corners Water Corporation, a part of which is land owned by the Morristown Corners Water Corporation as described in the land records of the Morristown Town Clerk’s office. (Added 2009, No. M-9, § 2, eff. May 18, 2009.)","""Water Resources Map"" on file with the Lamoille County Planning Commission; corporation land described in Morristown land records",Board of Directors,,sub_town,"Not on the VRWA list and no PWSID on file: is it still active? | Does LCPC still hold the 'Water Resources Map', and is it the same as the well-head protection map? | Note: map is filed with a regional planning commission, not recorded in town land records.",legal_authority_type: https://legislature.vermont.gov/statutes/section/24APPENDIX/701/00001; legal_citation: https://legislature.vermont.gov/statutes/section/24APPENDIX/701/00001; legal_text: https://legislature.vermont.gov/statutes/section/24APPENDIX/701/00001; recorded_document: https://legislature.vermont.gov/statutes/section/24APPENDIX/701/00001; governing_body: https://legislature.vermont.gov/statutes/chapter/24APPENDIX/701; extent_hint: https://legislature.vermont.gov/statutes/section/24APPENDIX/701/00001
Norwich Fire District 1,Norwich,Y,,,"Researched, no source",none_found,"The Town of Norwich's Fire District page describes a water system 'in the Village' and refers to 'the Fire District of the Town of Norwich' and an annual district tax, but gives no boundary; the public Google Drive holds only meeting folders. No district charter is on file. Next step: ask the district (admin@norwichfiredistrict.org) or Norwich Town Clerk for the formation vote/charter and any boundary description or map.",2026-10-02,,,,,,Prudential Committee,,sub_town,"Where is the district's formation record and boundary description held? | Annual meeting packets (not reviewed, minutes excluded) might include a district map.",governing_body: https://norwich.vt.us/fire-district/; extent_hint: https://norwich.vt.us/fire-district/
Peacham Fire District 1,Peacham,Y,,,Source identified,partner_file,"A pilot shapefile (VTFD-0003, digitized by ORCA interns, method unknown) is already mapped; it covers about 94.7 sq km, with town IoU 0.77. The district web page holds only Zoom meeting recordings and no boundary information. Next step: check the shapefile against a legal source (formation vote or land record) from the Peacham Town Clerk, because its size seems large for a 150-person water district.",2026-10-02,,,,,,,,sub_town,"Is the mapped polygon the political boundary, or a fire-protection/service area? Method and legal citation are both 'Unknown'.",
Pownal Fire District 2,Pownal,Y,,,"Researched, no source",none_found,"No website or Title 24 Appendix charter is on file for Pownal Fire District 2, and no district documents are on file; nothing describing its boundary was found. Next step: request formation records and any boundary description from the Pownal Town Clerk.",2026-10-02,,,,,,,,,Formation record and boundary location unknown.,
Pownal Fire District 3,Pownal,Y,,,"Researched, no source",none_found,"No website or Title 24 Appendix charter is on file for Pownal Fire District 3, and no district documents are on file; nothing describing its boundary was found. Next step: request formation records and any boundary description from the Pownal Town Clerk.",2026-10-02,,,,,,,,,"Formation record and boundary location unknown. | Packet lists districts_in_town = 2 for Pownal, yet district numbers 2 and 3 are listed; does FD1 exist?",
Richmond Fire District 1,Richmond,Y,,,"Researched, no source",none_found,"No website or own charter is on file. The Richmond town charter sections on file (ch. 143 §§103, 108) cover general town powers and do not mention the fire district. Next step: request the district's formation vote and boundary description from the Richmond Town Clerk.",2026-10-02,,,,,,,,,Formation record and boundary location unknown.,
Royalton Fire District 1,Royalton,Y,,,"Researched, no source",none_found,"The district page describes it as a municipal entity within but distinct from the Town of Royalton. Voters residing within the district's boundaries elect a five-member Prudential Committee, but the page gives no boundary. Its 2023 Drinking Water Rules and Regulations (scanned PDF) cite 24 V.S.A. chs. 89 and 129 as ordinance authority; pages 1-4 reviewed contain no boundary. Next step: ask the district office or Royalton Town Clerk for the formation record and any recorded boundary description.",2026-10-02,,,,,,Prudential Committee,,sub_town,Is the district coextensive with the former/unincorporated village of South Royalton? No source seen says so. | Remaining pages of the scanned ordinance were not OCR'd.,governing_body: https://www.royaltonvt.gov/committees/fire_district_1_prudential_committee.php; extent_hint: https://www.royaltonvt.gov/committees/fire_district_1_prudential_committee.php
Rutland Town Fire District 1,Rutland Town,Y,,,"Researched, no source",none_found,"No website or Title 24 Appendix charter is on file for Rutland Town Fire District 1, and no district documents are on file; nothing describing its boundary was found. Earlier project research notes consolidation with West Rutland is under discussion. Next step: request formation orders and boundary descriptions for all Rutland Town fire districts from the Rutland Town Clerk/Selectboard in one request.",2026-10-02,,,,,,,,,Formation record and boundary location unknown. | Status of the proposed consolidation with West Rutland?,
Rutland Town Fire District 11,Rutland Town,Y,,,"Researched, no source",none_found,"No website or Title 24 Appendix charter is on file for Rutland Town Fire District 11, and no district documents are on file; nothing describing its boundary was found. Next step: request formation orders and boundary descriptions for all Rutland Town fire districts from the Rutland Town Clerk/Selectboard in one request.",2026-10-02,,,,,,,,,Formation record and boundary location unknown.,
Rutland Town Fire District 4,Rutland Town,Y,,,"Researched, no source",none_found,"No website or Title 24 Appendix charter is on file for Rutland Town Fire District 4, and no district documents are on file; nothing describing its boundary was found. Next step: request formation orders and boundary descriptions for all Rutland Town fire districts from the Rutland Town Clerk/Selectboard in one request.",2026-10-02,,,,,,,,,Formation record and boundary location unknown.,
Rutland Town Fire District 5,Rutland Town,Y,,,"Researched, no source",none_found,"No website or Title 24 Appendix charter is on file for Rutland Town Fire District 5, and no district documents are on file; nothing describing its boundary was found. Next step: request formation orders and boundary descriptions for all Rutland Town fire districts from the Rutland Town Clerk/Selectboard in one request.",2026-10-02,,,,,,,,,Formation record and boundary location unknown.,
Rutland Town Fire District 6,Rutland Town,Y,,,"Researched, no source",none_found,"No website or Title 24 Appendix charter is on file for Rutland Town Fire District 6, and no district documents are on file; nothing describing its boundary was found. Next step: request formation orders and boundary descriptions for all Rutland Town fire districts from the Rutland Town Clerk/Selectboard in one request.",2026-10-02,,,,,,,,,Formation record and boundary location unknown.,
Ryegate Fire District 2,Ryegate,Y,,,"Researched, no source",none_found,"No website or Title 24 Appendix charter is on file for Ryegate Fire District 2, and no district documents are on file; nothing describing its boundary was found. Next step: request formation records and boundary description from the Ryegate Town Clerk.",2026-10-02,,,,,,,,,Formation record and boundary location unknown.,
Sheffield Fire District 1,Sheffield,Y,,,"Researched, no source",none_found,"No website or Title 24 Appendix charter is on file for Sheffield Fire District 1, and no district documents are on file; nothing describing its boundary was found. Next step: request formation records and boundary description from the Sheffield Town Clerk.",2026-10-02,,,,,,,,,Formation record and boundary location unknown.,
Cuttingsville Fire District,Shrewsbury,Y,,,"Researched, no source",none_found,"No website or Title 24 Appendix charter is on file for Cuttingsville Fire District, and no district documents are on file; nothing describing its boundary was found. Next step: request formation records and boundary description from the Shrewsbury Town Clerk.",2026-10-02,,,,,,,,,Formation record and boundary location unknown.,
Champlain Water District,South Burlington,Y,,,Source identified,whole_town,"Its charter (24 App. V.S.A. ch. 703 §2, 1971) creates the district as embracing whole member towns (Colchester, Essex, Shelburne, South Burlington, Williston), enlargeable by town votes certified to the Secretary of State under §17. CWD's Board of Commissioners page now lists commissioners from Village of Jericho, Milton, Essex Junction and Winooski as well. Next step: obtain the Secretary of State certificates of admission for each later member to confirm the current member list, then build the boundary as the union of member municipalities.",2026-10-02,1971,Legislative charter,"24 App. V.S.A. ch. 703 §§ 2, 17 (Added 1971, No. 135)","There is hereby created a consolidated water district to be known as the “Champlain Water District” that shall embrace the Towns of Colchester, Essex, Shelburne, South Burlington, and Williston, in the County of Chittenden and State of Vermont. The District may be enlarged under the provisions of section 17 of this chapter. (Added 1971, No. 135, § 2.)",,Board of Water Commissioners,,multi_town,"Are Milton, Winooski and Village of Jericho full members whose entire territory is in the district, or partial? The charter text only names the original five. | Is Essex Junction (now a city) counted separately from Essex?",formation_date: https://legislature.vermont.gov/statutes/section/24APPENDIX/703/00002; legal_authority_type: https://legislature.vermont.gov/statutes/section/24APPENDIX/703/00002; legal_citation: https://legislature.vermont.gov/statutes/section/24APPENDIX/703/00002; legal_text: https://legislature.vermont.gov/statutes/section/24APPENDIX/703/00002; governing_body: https://www.champlainwater.gov/156/Board-of-Commissioners; extent_hint: https://legislature.vermont.gov/statutes/section/24APPENDIX/703/00002
South Burlington Fire District,South Burlington,Y,,,"Researched, no source",none_found,"No website or own charter is on file. The South Burlington city charter sections on file (ch. 13 §§101, 103, 1306) concern the city and do not mention this district. Next step: confirm with the City of South Burlington which fire district this PWS (VT0005090) is, and request its formation and boundary records.",2026-10-02,,,,,,,,,Packet note says the City reports Queen City Park (SBFD#1) has a fire line but no potable supply; which district does PWSID VT0005090 (pop. 250) actually belong to?,
South Hero Fire District 4,South Hero,Y,,,"Researched, no source",none_found,The district website says it is a separate municipality whose geographic boundaries 'were defined at formation in 1989 and do not encompass the entire town of South Hero'; it publishes no map or description. Next step: request the 1989 formation vote/order and its boundary description from the South Hero Town Clerk.,2026-10-02,1989,,,,,,,sub_town,Where is the 1989 formation record (town meeting vote or selectboard order)?,formation_date: https://shfdn4.org/; extent_hint: https://shfdn4.org/
St George Fire District 1,St George,Y,,,Source identified,plat_reference,"Its charter (24 App. V.S.A. ch. 503 §1) says the boundaries are as recorded in Volume 25, page 111 of St. George land records; §2 adds that the district maintains the private roads Rocky Ridge Circle and Peet Lane 'as shown on the map referenced in section 1'. Next step: obtain Vol. 25 p.111 from the St. George Town Clerk and digitize.",2026-10-02,,Legislative charter,"24 App. V.S.A. ch. 503 § 1 (Added 2003, No. M-9, § 2)","The boundaries of St. George Fire District No. 1 shall be as recorded in volume 25, page 111 of the Town of St. George land records. (Added 2003, No. M-9, § 2.)","Town of St. George land records, Volume 25, page 111",Prudential Committee,,sub_town,,legal_authority_type: https://legislature.vermont.gov/statutes/section/24APPENDIX/503/00001; legal_citation: https://legislature.vermont.gov/statutes/section/24APPENDIX/503/00001; legal_text: https://legislature.vermont.gov/statutes/section/24APPENDIX/503/00001; recorded_document: https://legislature.vermont.gov/statutes/section/24APPENDIX/503/00001; governing_body: https://legislature.vermont.gov/statutes/section/24APPENDIX/503/00007; extent_hint: https://legislature.vermont.gov/statutes/chapter/24APPENDIX/503
St George Fire District 2,St George,Y,,,"Researched, no source",none_found,"No website or own charter is on file. The charter sections matched to this district by town name are from ch. 503, which is St. George Fire District No. 1's charter and do not mention District No. 2. Next step: request District 2's formation record and boundary description from the St. George Town Clerk.",2026-10-02,,,,,,,,,Packet mis-attaches FD1's charter (ch. 503) to FD2; does FD2 have any legislative charter or only a 20 V.S.A. ch. 171 formation?,
St Johnsbury Center Fire District 1,St Johnsbury,Y,,,"Researched, no source",none_found,"The only authority found is the Town of St. Johnsbury charter (ch. 151 §705), which sets out how the St. Johnsbury Center Fire District No. 1 may be abolished and its property vested in the Town; it says nothing about the district's territory. The district has no website and no Title 24 Appendix charter of its own. Next step: request the district's formation order/vote and any boundary description from the St. Johnsbury town clerk.",2026-10-02,,,"24 V.S.A. App. ch. 151, § 705 (abolition process only)",,,,,sub_town,"Is the district still active, or has a §705 abolition vote happened? | Where are the original formation order and boundary recorded (St. Johnsbury land records)?",extent_hint: https://legislature.vermont.gov/statutes/section/24APPENDIX/151/00705; legal_citation: https://legislature.vermont.gov/statutes/section/24APPENDIX/151/00705
Stowe Fire District 2 Gold Brook Circle,Stowe,Y,,,"Researched, no source",none_found,"The district website calls the organization 'a non-profit home owner's association' serving the Goldbrook/Dewey Hill community of Stowe, and it publishes no boundary, formation or governance documents. The Stowe town charter (ch. 153) mentions only Fire District No. 3 (merged into the Town in 2019), not District 2. Next step: confirm whether a Stowe selectboard order created a municipal fire district here (as one did for FD 4 in 1993) or whether it exists only as an HOA/non-profit, and get any boundary plat from the Stowe land records.",2026-10-02,,,,,,,,sub_town,"Is this a municipal fire district (with a selectboard order) or only a non-profit HOA? If it is only an HOA, it has no political boundary. | Is there a district plat in the Stowe land records, like FD 4's?",extent_hint: https://www.stowefiredistrict2.com/
Stowe Fire District 4,Stowe,Y,,,Source identified,plat_reference,"The district's bylaws say it was formed by an Order Establishing Fire District issued by the Stowe Board of Selectmen on November 29, 1993, and that its boundaries are shown on the plan 'Glenbrook Area Fire District, Stowe, Vermont' (Little River Survey Company, July 1993), recorded in volume 271, page 295 of the Stowe Land Records; the 2021 Rules & Regulations say the same. Next step: get Vol. 271 p. 295 (and the 1993 selectboard order) from the Stowe town clerk and digitize the plat.",2026-10-02,1993-11-29,Municipal vote/order,"Order Establishing Fire District, Stowe Board of Selectmen, Nov. 29, 1993 (20 V.S.A. ch. 171)","Fire District (District) shall mean the Stowe Fire District #4 area as defined by the Water/Fire District Boundary Map entitled ""Glenbrook Area Fire District, Stowe, Vermont""; dated July 1993, by Little River Survey Company, recorded in volume 271, page 295 of the Stowe Land Records.","Stowe Land Records Vol. 271, p. 295 ('Glenbrook Area Fire District, Stowe, Vermont', Little River Survey Co., July 1993)",Prudential Committee,Glenbrook Area Fire District (name on the 1993 plat),sub_town,'Glenbrook Area Fire District' is the plat title; it is not confirmed as a former legal name. | Have the boundaries been altered since 1993?,formation_date: https://drive.google.com/file/d/1bBwJfu1938xi6_3pGmLV1xtdM4oTtbdG/view?usp=sharing; legal_authority_type: https://drive.google.com/file/d/1bBwJfu1938xi6_3pGmLV1xtdM4oTtbdG/view?usp=sharing; legal_citation: https://drive.google.com/file/d/1bBwJfu1938xi6_3pGmLV1xtdM4oTtbdG/view?usp=sharing; legal_text: http://stowefiredistrict4.org/wp-content/uploads/2026/07/Stowe-FD4-Rules-and-Regulations-2021-Update.pdf; recorded_document: http://stowefiredistrict4.org/wp-content/uploads/2026/07/Stowe-FD4-Rules-and-Regulations-2021-Update.pdf; governing_body: https://drive.google.com/file/d/1bBwJfu1938xi6_3pGmLV1xtdM4oTtbdG/view?usp=sharing; previous_names: http://stowefiredistrict4.org/wp-content/uploads/2026/07/Stowe-FD4-Rules-and-Regulations-2021-Update.pdf; extent_hint: http://stowefiredistrict4.org/wp-content/uploads/2026/07/Stowe-FD4-Rules-and-Regulations-2021-Update.pdf
Winhall-Stratton Fire District 1,Stratton,Y,,,Source identified,plat_reference,"The district's bylaws (July 29, 1995, amended Jan. 14, 2023) say its limits are 'as defined by the Selectmen of the Towns of Winhall and Stratton, respectively', so it spans two towns, and any change needs both selectboards to approve. The website says the district was chartered July 29, 1995. No book/page or map is cited, so the next step is to get the 1995 selectboard orders that set the limits from the Winhall and Stratton town clerks.",2026-10-02,1995-07-29,Municipal vote/order,,"Section 1. The limits of the Fire District shall be as defined by the Selectmen of the Towns of Winhall and Stratton, respectively. Section 2. The limits of the Fire District may be altered from time to time in the manner provided by law; subject, however, to the requirement that any such alteration shall require the concurrent approval of the Boards of Selectmen of the Town of Winhall and the Town of Stratton, regardless of whether or not such alteration occurs only within one Town.",,Prudential Committee,,multi_town,"The bylaws point to the selectboards' orders but give no book/page or map. Do the 1995 Winhall and Stratton orders have recorded boundary descriptions or plats? | The roster puts the district in Stratton, but its limits cover parts of both Winhall and Stratton.",formation_date: http://www.wsfd1.com/; legal_authority_type: https://static.wpb.tam.us.siteprotect.com/var/m_a/ad/adf/78763/977321-ByLaws3-9bf31.pdf; legal_text: https://static.wpb.tam.us.siteprotect.com/var/m_a/ad/adf/78763/977321-ByLaws3-9bf31.pdf; governing_body: https://static.wpb.tam.us.siteprotect.com/var/m_a/ad/adf/78763/977321-ByLaws3-9bf31.pdf; extent_hint: https://static.wpb.tam.us.siteprotect.com/var/m_a/ad/adf/78763/977321-ByLaws3-9bf31.pdf
Vergennes Panton Water District,Vergennes,Y,,,Source identified,whole_town,"Mapped 2026-10-02 from the district charter (§1, posted on its website): voters of the Town of Panton and the City of Vergennes formed a consolidated water district under 24 V.S.A. §3342 'comprising the area within the physical limits of those municipalities', created August 11, 1966. The boundary is the union of the two municipal polygons (63.6 km²). Note that the website's '1973' date conflicts with the charter's 1966. Next step: ask the district to confirm, and that neither municipal boundary has changed since 1966.",2026-10-02,1966-08-11,Municipal vote/order,24 V.S.A. § 3342 (consolidated water district); VPWD Charter § 1,"The lawful voters of the Town of Panton and the City of Vergennes, respectively, having affirmatively voted pursuant to the provisions of 24 V.S.A. § 3342 to form a consolidated water district comprising the area within the physical limits of those municipalities, and the certification of those votes and of the conduct of the organizational meeting of the District held on August 11, 1966, having been submitted to the Secretary of State, there was created a consolidated water district known as ""Vergennes-Panton Water District"" on August 11, 1966.",,Board of Water Commissioners,Consolidated Water District #2,multi_town,"The website says 1973, the charter says 1966-08-11. Which is right? | Has any other town (e.g. Ferrisburgh, Waltham) joined as a member municipality, or are those only customers outside the district?",formation_date: https://vergennespantonwatersdistrict.org/VPWD%20Charter.pdf; legal_authority_type: https://vergennespantonwatersdistrict.org/VPWD%20Charter.pdf; legal_citation: https://vergennespantonwatersdistrict.org/VPWD%20Charter.pdf; legal_text: https://vergennespantonwatersdistrict.org/VPWD%20Charter.pdf; governing_body: https://vergennespantonwatersdistrict.org/VPWD%20Charter.pdf; previous_names: https://vergennespantonwatersdistrict.org/VPWD%20Charter.pdf; extent_hint: https://vergennespantonwatersdistrict.org/VPWD%20Charter.pdf
Wallingford Fire District 1,Wallingford,Y,,,"Researched, no source",none_found,"The town-hosted page says the district 'received its charter from the Legislature in 1906' (six amendments, the last in 1929) and is separate from the Town, but no charter text or boundary is published, and the district has no chapter in the current Title 24 Appendix. The annual reports are scanned financial booklets with no boundary content. Next step: find the 1906 act and its amendments in the Vermont Acts and Resolves, which may describe the district's limits.",2026-10-02,1906,Legislative charter,,,,,,sub_town,"Where is the 1906 legislative charter (Acts & Resolves 1906) and its amendments through 1929, and do they describe the limits? | extent_hint sub_town is assumed from the 'No. 1' name; no source states it.",formation_date: https://www.wallingfordvt.com/boards-minutes/fire-district-1/; legal_authority_type: https://www.wallingfordvt.com/boards-minutes/fire-district-1/; extent_hint: https://www.wallingfordvt.com/boards-minutes/fire-district-1/
Washington Fire District,Washington,Y,,,"Researched, no source",none_found,"The district has no website, no Title 24 Appendix charter and no documents on file, so nothing describing its boundary was found. Next step: ask the Washington town clerk for the district's formation vote/order and any boundary description or plat.",2026-10-02,,,,,,,,,Formation record and boundary description held by the Town of Washington?,
Edward Farrar Utility District,Waterbury,N,Other Special District,,Source identified,whole_town,"Its own charter (24 V.S.A. App. ch. 705 §3, added 2017 No. M-19 (Adj. Sess.)) says the district's boundaries 'are coextensive with the current boundaries of the Village of Waterbury', and §1 says its inhabitants are those of the Village. It provides water and sewer service and took over property and liabilities from the Village. The project has no village boundary layer, so the next step is to get a Village of Waterbury boundary polygon (e.g. from VCGI) as it stood when the charter was enacted.",2026-10-02,2018,Legislative charter,"24 V.S.A. App. ch. 705, § 3 (added 2017, No. M-19 (Adj. Sess.), § 3)",The boundaries of the District are coextensive with the current boundaries of the Village of Waterbury.,,Board of Utility Commissioners,,sub_town,"formation_date '2018' is inferred from the 2017 Adjourned Session act (No. M-19); the exact effective date was not seen. | Did the Village of Waterbury dissolve or merge into the Town? If so, which dated village boundary does 'current boundaries' mean? | Not on the VRWA list. Which PWSID does it operate (presumably the former Waterbury village water system)? | The project has no village boundary layer; is the VCGI village polygon for Waterbury usable?",formation_date: https://legislature.vermont.gov/statutes/section/24APPENDIX/705/00003; legal_authority_type: https://legislature.vermont.gov/statutes/fullchapter/24APPENDIX/705; legal_citation: https://legislature.vermont.gov/statutes/section/24APPENDIX/705/00003; legal_text: https://legislature.vermont.gov/statutes/section/24APPENDIX/705/00003; governing_body: https://legislature.vermont.gov/statutes/fullchapter/24APPENDIX/705; extent_hint: https://legislature.vermont.gov/statutes/fullchapter/24APPENDIX/705
Waterville Fire District 1,Waterville,Y,,,"Researched, no source",none_found,"The district has no website, no Title 24 Appendix charter and no documents on file, so nothing describing its boundary was found. Next step: ask the Waterville town clerk for the formation order/vote and any boundary description.",2026-10-02,,,,,,,,,Formation record and boundary description held by the Town of Waterville?,
Ascutney Fire District 2,Weathersfield,Y,,,"Researched, no source",none_found,"The district has no working web page (earlier project research found that every Weathersfield-hosted district URL found returned 404) and no Title 24 Appendix charter, so nothing describing its boundary was found. Next step: ask the Weathersfield town clerk for the formation order and any boundary description or plat.",2026-10-02,,,,,,,,sub_town,Is there a current Town of Weathersfield page for the district? | Does an Ascutney Fire District No. 1 exist or did it once exist (the name implies one)? | extent_hint sub_town is assumed (Ascutney is a village within Weathersfield); no legal source states it.,
Westfield Fire District 1,Westfield,Y,,,"Researched, no source",none_found,"The Town of Westfield departments page says only that 'The Westfield Fire District is responsible for operating & maintaining the Village water system' and gives contacts; there is no boundary, charter or map. Next step: ask the district contact or the Westfield town clerk for the formation order and any boundary description.",2026-10-02,,,,,,,,sub_town,Formation record and boundary description? The district publishes no documents.,extent_hint: https://westfield.vt.gov/town-departments/
Westford Fire District 1,Westford,Y,,,"Researched, no source",none_found,"The district has no working website (wfd1.org no longer resolves, per earlier project research). Earlier project research notes that the Secretary of State lists 'Westford Fire District #1, Inc' as a domestic non-profit corporation filed 1992-01-21. No source describing a political boundary was found. Next step: confirm whether a municipal fire district was ever created by Westford selectboard order; if it is only a non-profit, it may have no political boundary.",2026-10-02,,,,,,,,,"Municipal fire district or non-profit corporation (SoS file 0050424)? | If municipal, where are the formation order and boundary recorded?",
Wheelock Fire District 1,Wheelock,Y,,,"Researched, no source",none_found,"The district has no website, no Title 24 Appendix charter and no documents on file, so nothing describing its boundary was found. Next step: ask the Wheelock town clerk for the formation order/vote and any boundary description.",2026-10-02,,,,,,,,,Formation record and boundary description held by the Town of Wheelock?,
Williamstown Fire District,Williamstown,N,Fire District,,Source identified,whole_town,"Its charter (24 V.S.A. App. ch. 505 §2(a)) says the district's corporate limits 'shall be the boundary lines of the Town of Williamstown'. The project's existing polygon (VTFD-0005) matches the town boundary exactly (town IoU 1.0), so this district is done. The charter also confirms it is separate from the Town, with its own Prudential Committee that sets the district tax rate.",2026-10-02,,Legislative charter,"24 V.S.A. App. ch. 505, § 2","The legal voters of the District shall be a body corporate. The corporate limits shall be the boundary lines of the Town of Williamstown, being bounded as follows: easterly by the line of Washington; southerly by the lines of Chelsea and Brookfield; westerly by the lines of Northfield and Berlin; and northerly by the lines of Berlin and Barre.",,Prudential Committee,,coextensive_with_town,"Charter adoption date not shown on the statute pages. | Not on the VRWA list or roster, and has no PWSID; does it run a water system at all, or is it fire protection only?",legal_authority_type: https://legislature.vermont.gov/statutes/chapter/24APPENDIX/505; legal_citation: https://legislature.vermont.gov/statutes/section/24APPENDIX/505/00002; legal_text: https://legislature.vermont.gov/statutes/section/24APPENDIX/505/00002; governing_body: https://legislature.vermont.gov/statutes/section/24APPENDIX/505/00002; extent_hint: https://legislature.vermont.gov/statutes/section/24APPENDIX/505/00002
Williston Fire District 1,Williston,Y,,,"Researched, no source",none_found,"The only charter section on file, the Williston town charter ch. 171 §13 (town meeting; elections), does not mention any fire district. The district has no website and no Title 24 Appendix charter. Next step: ask the Williston town clerk for the district's formation order and boundary description or plat.",2026-10-02,,,,,,,,,Formation record and boundary description held by the Town of Williston?,
Cold Brook Fire District 1,Wilmington,Y,,,Source identified,plat_reference,"Its charter (24 V.S.A. App. ch. 507 §1) says the boundaries 'shall be as recorded in Book 111, page 184 et seq. of the land records of the Town of Wilmington and in Book 86, page 5 et seq. of the land records of the Town of Dover', so the district spans Wilmington and Dover. Next step: get those two land-record entries from the Wilmington and Dover town clerks and digitize the description or plat.",2026-10-02,,Legislative charter,"24 V.S.A. App. ch. 507, § 1","The boundaries of Cold Brook Fire District No. 1 shall be as recorded in Book 111, page 184 et seq. of the land records of the Town of Wilmington and in Book 86, page 5 et seq. of the land records of the Town of Dover.","Wilmington Land Records Book 111, p. 184 et seq.; Dover Land Records Book 86, p. 5 et seq.",Prudential Committee,,multi_town,"Earlier project research says it was formed in 1987, but the statute pages show no date. Can that be confirmed? | Has the boundary been amended since the recorded description (e.g. to take in the Haystack base area)?",legal_authority_type: https://legislature.vermont.gov/statutes/chapter/24APPENDIX/507; legal_citation: https://legislature.vermont.gov/statutes/section/24APPENDIX/507/00001; legal_text: https://legislature.vermont.gov/statutes/section/24APPENDIX/507/00001; recorded_document: https://legislature.vermont.gov/statutes/section/24APPENDIX/507/00001; governing_body: https://legislature.vermont.gov/statutes/fullchapter/24APPENDIX/507; extent_hint: https://legislature.vermont.gov/statutes/section/24APPENDIX/507/00001
Cold Brook Fire District Base Area,Wilmington,unconfirmed,,,"Researched, no source",none_found,"No charter, website or document names a separate 'Base Area' district. The roster itself flags it as uncertain, and the only Cold Brook charter found (ch. 507) is for Cold Brook Fire District No. 1. This is probably a second water system or service area run by Cold Brook FD 1 rather than a separate political district. Next step: confirm with Cold Brook FD 1 or the Drinking Water Division.",2026-10-02,,,,,,,,,"Is 'Base Area' a separate legal district, or a PWS/service area of Cold Brook Fire District No. 1? If the latter, drop it as a political boundary.",
Wilmington Water District,Wilmington,Y,,,"Researched, no source",none_found,"The linked page is the Town of Wilmington Water Department, run by town staff; it describes no separate water district, boundary or governing body. The 2025 CCR uses the state system name 'WILMINGTON WATER DIST' (VT0005310) but has no entity details. Next step: confirm with the Wilmington town clerk whether a legally separate water district exists (with a formation vote and boundary) or whether this is simply the town system.",2026-10-02,,,,,,,,,"Is there a separately organized Wilmington Water District (municipal entity), or is 'Water Dist' only the state system name for a town-run utility?",
Worcester Fire District 1,Worcester,Y,,,"Researched, no source",none_found,"The district has no website, no Title 24 Appendix charter and no documents on file, so nothing describing its boundary was found. Next step: ask the Worcester town clerk for the formation order/vote and any boundary description.",2026-10-02,,,,,,,,,Formation record and boundary description held by the Town of Worcester?,
