district_name,label,url,status,finding,checked_on
Alburgh Fire District 1,"Village of Alburgh charter ch. 203 §101 (town/village charter, on file)",https://legislature.vermont.gov/statutes/section/24APPENDIX/203/00101,not fetched (text already on file),Metes-and-bounds description of the Village of Alburgh. It does not mention Fire District 1.,2026-10-02
South Alburgh Fire District 2,District website,http://www.safd2.org/,ok,"Customer, water-quality and PFAS documents; nothing on boundary, formation or a map.",2026-10-02
South Alburgh Fire District 2,SAFD#2 By-Laws (scanned PDF),http://www.safd2.org/wp-content/uploads/2025/02/SAFD2-BY-LAWS.pdf,ok,"§1.1: district created 'by Order of the Selectmen of said Town dated June 8, 2004'. §1.2: limits may be altered as the law provides, with selectboard approval. §3.1: Clerk, Treasurer, Collector, three Prudential Committee members.",2026-10-02
South Alburgh Fire District 2,SAFD#2 Annual Report 2025,http://www.safd2.org/wp-content/uploads/2025/08/SAFD2-Annual-Report-2025.pdf,ok,"Loaded, but it is an image-only scan with no text layer. Not reviewed page by page.",2026-10-02
Barnet Fire District 2,Town of Barnet fire districts page,https://barnetvt.org/town-information/fire-districts/,ok,"Lists FD#2 (Barnet Village): Prudential Committee of Jonathan Carpenter (Chair), David Pedersen and Shawn Timson. Annual meeting second Monday in January. No boundary or document links.",2026-10-02
McIndoe Falls Fire District 3,Town of Barnet fire districts page,https://barnetvt.org/town-information/fire-districts/,ok,"Lists FD#3 (McIndoe Falls): Prudential Committee of Gary Thompson, Steven Blaisdell and Susan Blaisdell. Susan Blaisdell is also Treasurer, Tax Collector and Clerk. No boundary or document links.",2026-10-02
Passumpsic Fire District 1,Town of Barnet fire districts page,https://barnetvt.org/town-information/fire-districts/,ok,Lists FD#1 (Passumpsic) with every office VACANT. Annual meeting March 19. No boundary or document links.,2026-10-02
East Berkshire Fire District 1,District page (town-hosted),https://www.berkshirevt.com/ebfd1.html,ok,"Prudential Committee roster. Links to the ordinance. Shows an image labeled 'East Berkshire Fire District #1' with a shaded area along VT 105/118, Montgomery Rd and Berkshire Center Rd.",2026-10-02
East Berkshire Fire District 1,District outline image,https://www.berkshirevt.com/uploads/1/3/1/2/131290301/published/ebfd1-map4.jpg,ok,Small (642x255) web-map screenshot of a shaded area labeled 'East Berkshire Fire District #1'. It has no legend or date and does not say whether it shows the service area or the legal boundary.,2026-10-02
East Berkshire Fire District 1,EBFD #1 Civil Ordinances and By-Laws (docx),https://www.berkshirevt.com/uploads/1/3/1/2/131290301/ebfd1_current_ordinance_9.324.docx,ok,"Art. I: established by the Berkshire Board of Selectmen under 20 V.S.A. ch. 171, for the area 'bounded as described and depicted on the map entitled East Berkshire Fire District Proposed Boundary'. Rules §1.2: boundaries per the selectmen's order of April 2016, and the plan 'East Berkshire Fire District No. 1 Service Area' (Tata & Howard, Nov 2014) is recorded on Map Slide 34. Appendix C gives only a narrative of the pipe layout.",2026-10-02
Bolton Fire District 1,Charter ch. 504 table of contents,https://legislature.vermont.gov/statutes/chapter/24APPENDIX/504,ok,"Sections 1-9: Boundaries, Purpose, Powers, Meetings, Officers, Prudential Committee, Rates, Rules, Amendment.",2026-10-02
Bolton Fire District 1,Charter ch. 504 full text,https://legislature.vermont.gov/statutes/fullchapter/24APPENDIX/504,ok,"§504-1: boundaries 'as recorded in the Town of Bolton land records'. §504-5: five-member Prudential Committee. §504-6: Prudential Committee is the administrative body. History: added 2003, No. M-18 (Adj. Sess.), §2, eff. May 20, 2004.",2026-10-02
Brandon Fire District 1,District website,https://brandonfiredistrict.org/,ok,"Says the district is incorporated under 20 V.S.A. ch. 171 and governed by a Prudential Committee. Links to bylaws, policies, and hydrant/curb-stop maps. No boundary map.",2026-10-02
Brandon Fire District 1,"Bylaws as of Jan 9, 2023",https://brandonfiredistrict.org/wp-content/uploads/2023/07/Fire-District-Bylaws-as-of-Jan092023-1.pdf,ok,"Boundary statement: all of the Town of Brandon except National Forest lands. Adopted April 11, 1887, amended many times. Incorporated under 20 V.S.A. ch. 171.",2026-10-02
East Calais Fire District 1,Village of East Calais Source Protection Areas (PDF),https://www.calaisvermont.gov/vertical/sites/%7B226D684E-C864-4AFA-B4A5-59BE32741B77%7D/uploads/WATER_DISTRICT_1.pdf,broken,"Redirects to calaisvermont.gov, which returns HTTP 404.",2026-10-02
Castleton Fire District 1,District page (town-hosted),https://www.castletonvermont.org/home/pages/castleton-fire-district-1,blocked,"HTTP 403 (Cloudflare), both through WebFetch and through curl with a browser user agent.",2026-10-02
Castleton Fire District 1,CFD1 Water Ordinance (April 2014),https://www.castletonvermont.org/sites/g/files/vyhlif376/f/uploads/cfd1_water_ordinance.pdf,ok,"Adopted by the Prudential Committee under 24 V.S.A. ch. 89 §3315. §5.02: service area is defined by the district's boundaries, and actual service also covers CFD3, Castleton Meadows and Parsons Hill. No description of the boundary.",2026-10-02
Castleton Fire District 3,District page (town-hosted),https://www.castletonvermont.org/home/pages/castleton-fire-district-3,blocked,HTTP 403 (Cloudflare).,2026-10-02
Castleton Fire District 3,CFD3 Water Rate Policy,https://www.castletonvermont.org/sites/g/files/vyhlif376/f/pages/cfd3_water_rate_policy.pdf,ok,"Adopted by the Prudential Committee on Sept 20, 2007, revised Jan 3, 2010. Buys water from CFD1. No boundary text.",2026-10-02
Colchester Fire District 2,District website,https://cfd2vt.com/,ok,"Serves 'West and Central Colchester'. Lists the Prudential Committee. Links a 'Service Map' image. No charter, bylaws or formation date.",2026-10-02
Colchester Fire District 2,"Service map image (Town of Colchester, 8/3/2022)",https://cfd2vt.com/wp-content/uploads/2024/04/Water-Service-Providers-Map-8-3-22.png,ok,"The main map shows service areas (CWD, FD#2, Essex). The inset 'Fire District Territory' outlines District 2's territory. Source note: 'Fire District Boundaries - CCRPC, TOC 2022'.",2026-10-02
Colchester Fire District 2,Colchester town charter ch. 113 §103 (text on file),https://legislature.vermont.gov/statutes/section/24APPENDIX/113/00103,not fetched (text already on file),"Town powers, including that the town may merge with political subdivisions within its boundary. No district boundary.",2026-10-02
Coventry Fire District 1,District page (town-hosted),https://coventryvt.org/coventry-fire-district/,ok,"Address 168 Main Street. Links to the 2025 CFD letter, annual meeting, agendas, minutes and recordings. Nothing on boundary.",2026-10-02
Craftsbury Fire District 2,Former town-hosted page,https://townofcraftsbury.com/fire-district-2,redirect:https://craftsbury.gov/fire-district-2,The redirect target returns HTTP 404.,2026-10-02
Derby Line Village Water District,District website,https://derbyvt.org/derby-line/village-of-derby-line/,ok,"Loaded (earlier note said 406). Lists village trustees (Horne, Lemery, Ovitt), clerk/treasurer, and a 2026 water/sewer billing schedule. Nothing on a water district boundary or legal basis.",2026-10-02
Derby Line Village Water District,"Village of Derby Line charter, ch. 217 (chapter index)",https://legislature.vermont.gov/statutes/chapter/24APPENDIX/217,ok,"Section list: §101 boundaries, §501 sewer system, §801 village is a fire district. No water-works section heading.",2026-10-02
Derby Line Village Water District,Derby Line charter §101 (text on file),https://legislature.vermont.gov/statutes/section/24APPENDIX/217/00101,not fetched (text already on file),Metes-and-bounds Village of Derby Line boundary.,2026-10-02
Dorset Fire District 1,District website,https://www.dorsetfiredistrict.org/,ok,Self-description quoted above; Prudential Committee meets 2nd Monday. No boundary or formation info.,2026-10-02
Dorset Fire District 1,About page,https://www.dorsetfiredistrict.org/about,ok,Same one-sentence description only.,2026-10-02
Dorset Fire District 1,Water System page,https://www.dorsetfiredistrict.org/water/water-system,ok,'The Dorset Water Co. provides public water to 178 homes and businesses in the village of Dorset'. A System Map is mentioned but not reviewed; nothing on boundaries.,2026-10-02
North Branch Fire District 1,District website,https://www.northbranchfiredistrict.com/,ok,Created 1972 as a consolidated district; serves West Dover; links to the Fire District Map and Ordinances.,2026-10-02
North Branch Fire District 1,District boundary map page,https://www.northbranchfiredistrict.com/location,ok,Static image 'Fire District Map 2022-1.jpg' captioned 'Map of the fire district boundaries'.,2026-10-02
North Branch Fire District 1,Charter ch. 509 §1,https://legislature.vermont.gov/statutes/section/24APPENDIX/509/00001,ok,"Continues the district 'within the corporate limits presently established' (Added 2013, No. M-18 (Adj. Sess.), eff. May 20, 2014). No boundary description.",2026-10-02
North Branch Fire District 1,Ordinances PDF,https://www.northbranchfiredistrict.com/_files/ugd/cb2b9b_1b4151e4659e4024a30f6187bab0d6fc.pdf,redirect:https://0527e90d-1ad9-461a-a435-9021d2de629e.filesusr.com/ugd/cb2b9b_1b4151e4659e4024a30f6187bab0d6fc.pdf,§2.05 Boundary Lines (watershed definition plus Vol. 8 p.32 record). Intro: created 1972. Enacted by the Prudential Committee 2022-01-12.,2026-10-02
Fairfax Fire District 1,Charter ch. 511 §1,https://legislature.vermont.gov/statutes/section/24APPENDIX/511/00001,ok,"Continues the district 'within the corporate limits presently established' (Added 2023, No. M-17 (Adj. Sess.), § 2, eff. Feb. 1, 2024).",2026-10-02
Fairfax Fire District 1,Charter ch. 511 §2 Boundaries,https://legislature.vermont.gov/statutes/section/24APPENDIX/511/00002,ok,"Four named-road boundary, quoted in legal_text.",2026-10-02
South Georgia Fire District,District website,https://water.vtkellers.com/,ok,"Rates and usage tracking site (system manager Jeff Vance). No boundary, formation or legal info.",2026-10-02
Grand Isle Consolidated Water District,District website,https://gicwd.com/,ok,"Established 1995; ~750 connections, 26 miles of main 'from Eagle Camp in South Hero to the drawbridge'; 7 Water Commissioners; links a district map.",2026-10-02
Grand Isle Consolidated Water District,District map PDF,https://gicwd.com/wp-content/uploads/2025/02/GI-Map-with-Districts.pdf,ok,"1-page ArcMap PDF 'TOWN OF GRAND ISLE Water Districts', NRPC, July 2013. Legend: Fire District 4 (purple) and Grand Isle Consolidated Water District (yellow), drawn over parcel lines.",2026-10-02
Grand Isle Fire District 4,District website (town-hosted),https://grandislevt.org/boards-minutes-agendas/fire-district-4/,ok,"Established 1967; 'A Charter and Bylaws were adopted on July 17, 1967'; serves 386 households in the northwest part of town; Prudential Committee of 5; a service-area map is shown on the page.",2026-10-02
Grand Isle Fire District 4,Grand Isle water districts map (GICWD site),https://gicwd.com/wp-content/uploads/2025/02/GI-Map-with-Districts.pdf,ok,NRPC July 2013 map with a 'Fire District 4' legend class over parcels.,2026-10-02
Greensboro Bend Fire District 2,District website (town-hosted),https://greensborovt.gov/water-department-questions/,ok,Mentions only 'Greensboro Fire District #1 (the water company)' and contact numbers; nothing on FD 2.,2026-10-02
Greensboro Fire District 1,District website (town-hosted),https://greensborovt.gov/water-department-questions/,ok,Calls FD #1 'the water company'; contacts only. No boundary or history.,2026-10-02
Greensboro Fire District 1,Greensboro Fire District No. 1 PDF,https://greensborovt.gov/wp-content/uploads/2016/01/Greensboro-Fire-District-No-1.pdf,ok,"Scanned 1-page warning for the 2016-01-25 annual meeting, signed by the Prudential Committee (Mackin, Dezell, Smith). Nothing on boundaries.",2026-10-02
East Hardwick Fire District 1,District website,https://ehfd.mystrikingly.com/,blocked,HTTP 403 to automated fetch (WebFetch and curl).,2026-10-02
East Hardwick Fire District 1,By-Laws of EHFD No. 1,https://drive.google.com/file/d/1bro7u0td0QDAxMbMZ0XILOTnTNe6OKGh/view?usp=sharing,ok,"Downloaded via Drive export. Organized under 20 V.S.A. ch. 171; serves 'the area of East Hardwick Village as depicted in the attached map' (no map in the file); Prudential Committee; adopted April 11, 2023, amended May 14, 2026.",2026-10-02
East Hardwick Fire District 1,EHFD #1 scanned document (3 pp),https://drive.google.com/file/d/13LKYmo5YGNMiZ7Tf9ToYn6RmjZ5-vHoJ/view?usp=sharing,ok,"'A Brief Historical Sketch of Hardwick Fire District No. 1 which consists of the entire Village of East Hardwick, Vermont, 1912-1944' (E. Brown Fay). It contains the 1912 boundary statement.",2026-10-02
East Hardwick Fire District 1,Hardwick Historical Society Journal Vol. 9 No. 4,https://drive.google.com/file/d/1-UYklCsW8uCzxe512VkKGK0hiOpucxnt/view?usp=sharing,ok,"Repeats the 1912 selectmen establishment and the 'entire Village of East Hardwick' boundary, citing the Fay pamphlet.",2026-10-02
Hyde Park Fire District 1,Village of Hyde Park website,https://villageofhydepark.com/,ok,Mentions 'Hyde Park Water and Wastewater Districts' and a Board of Trustees. No mention of Fire District 1.,2026-10-02
Hyde Park Fire District 1,Village water page,https://www.villageofhydepark.com/water,ok,'The Village of Hyde Park Water District provides drinking water to Village residents as well as others outside Village boundaries.' Lists outside roads; no Fire District 1.,2026-10-02
Hyde Park Fire District 1,Hyde Park village charter §32 (text on file),https://legislature.vermont.gov/statutes/section/24APPENDIX/225/00032,not fetched (text already on file),"Village bounds 'as described in the Report of Selectmen dated May 14, 1895', as later altered.",2026-10-02
Sherburne Fire District 1,District website,https://www.sfd1.org/,ok,"Service-area sentence quoted above; Prudential Committee (members elected 2026-03-02); only minutes folders linked, no bylaws/ordinances/map.",2026-10-02
Lunenburg Fire District 1,District website (town-hosted),https://www.lunenburg-gilmanvt.gov/departments-and-organizations,ok,"Contact info only (PO Box 182, 63 Pond Hill Rd; 802-892-7701).",2026-10-02
Lunenburg Fire District 2,District website (town-hosted),https://www.lunenburg-gilmanvt.gov/departments-and-organizations,ok,"Contact info only (PO 148, Gilman; 802-892-7780).",2026-10-02
Lyn Haven Fire District 1,Lyndon town charter ch.126 §3 (text on file),https://legislature.vermont.gov/statutes/section/24APPENDIX/126/00003,ok,General town powers only; no reference to Lyn Haven Fire District.,2026-10-02
East Middlebury Fire District 1,District page (Town of Middlebury),https://www.townofmiddlebury.org/community/east_middlebury_community/index.php,ok,Says the district was 'established by statute'; governed by an independently elected Prudential Committee (3 members listed) that runs the East Middlebury water system and Sarah Partridge Community House. No boundary or map.,2026-10-02
East Middlebury Fire District 1,Middlebury charter ch.127 §1505,https://legislature.vermont.gov/statutes/section/24APPENDIX/127/01505,ok,District continues under its own legislative charter; may be incorporated into the Town by majority vote of both. No boundary text.,2026-10-02
East Middlebury Fire District 1,Middlebury charter ch.127 §1507,https://legislature.vermont.gov/statutes/section/24APPENDIX/127/01507,ok,"Concerns Incorporated (School) District No. 4, not the fire district; not relevant.",2026-10-02
Milton Fire District 1,Charter ch.501 (full chapter),https://legislature.vermont.gov/statutes/chapter/24APPENDIX/501,ok,§1 boundaries by recorded plat; §2 purpose is limited water service; §5-6 three-member Prudential Committee.,2026-10-02
Milton Fire District 1,Charter ch.501 §1 Boundaries,https://legislature.vermont.gov/statutes/section/24APPENDIX/501/00001,ok,"33 lots per plat in Map Book 3 p.101, map no. 136.",2026-10-02
Milton Fire District 1,Charter ch.501 §4 Meetings,https://legislature.vermont.gov/statutes/section/24APPENDIX/501/00004,ok,Meetings follow 17 V.S.A. ch. 55 subch. 2; no boundary content.,2026-10-02
Morristown Corners Water Corporation,Charter ch.701 (full chapter),https://legislature.vermont.gov/statutes/chapter/24APPENDIX/701,ok,§1 boundary by map on file with LCPC; §2 it is a water supply municipality under 24 V.S.A. ch. 89 (not a fire district); §5 Board of Directors of at least five.,2026-10-02
Morristown Corners Water Corporation,Charter ch.701 §1 Boundaries,https://legislature.vermont.gov/statutes/section/24APPENDIX/701/00001,ok,47 residential parcels per LCPC 'Water Resources Map'.,2026-10-02
Norwich Fire District 1,District page (Town of Norwich),https://norwich.vt.us/fire-district/,ok,"Water system in the Village (~310 homes, 20 businesses); levies annual tax; three-member Prudential Committee plus Treasurer, Clerk, Auditor, Moderator. No boundary or map.",2026-10-02
Norwich Fire District 1,District public Google Drive,https://drive.google.com/drive/folders/1Fw7psf6HbUf0j6eKjXDvYM-dIICWKvdh,ok,"Only two subfolders (Annual Meetings; Prudential Committee Meetings): agendas, packets, minutes. No charter/bylaws found.",2026-10-02
Peacham Fire District 1,District page (peacham.org),https://peacham.org/peacham-fire-district/,blocked,"Cloudflare 403 to plain HTTP client; loaded via WebFetch: only an archive of Zoom meeting recordings (Sep 2024-Sep 2026) and town office contact. No boundary, formation, or governance info.",2026-10-02
Richmond Fire District 1,Richmond charter ch.143 §103 (text on file),https://legislature.vermont.gov/statutes/section/24APPENDIX/143/00103,ok,General town powers; no district reference.,2026-10-02
Richmond Fire District 1,Richmond charter ch.143 §108 (text on file),https://legislature.vermont.gov/statutes/section/24APPENDIX/143/00108,ok,Intergovernmental relations; no district reference.,2026-10-02
Royalton Fire District 1,District page (Town of Royalton),https://www.royaltonvt.gov/committees/fire_district_1_prudential_committee.php,ok,"Runs water, South Royalton Fire Dept and Rescue Squad; five-member Prudential Committee elected by voters residing within district boundaries; no boundary described.",2026-10-02
Royalton Fire District 1,Rules and Regulations (approved 2023-01-09),https://webgen1files1.revize.com/royaltonvt/Final%20Approved%20and%20Signed%20Rules%20and%20Regulations%201.9.23.pdf,ok,30-page scanned (image-only) water ordinance; authority clause cites 24 V.S.A. ch. 89 and 129; TOC and pp.1-4 reviewed show no boundary section.,2026-10-02
Champlain Water District,District website,https://www.champlainwater.gov/,ok,"Serves ~83,000 customers; no boundary map on home page.",2026-10-02
Champlain Water District,Board of Commissioners page,https://www.champlainwater.gov/156/Board-of-Commissioners,ok,"Each member town/city elects one commissioner; members listed: Village of Jericho, Colchester, Shelburne, Milton, South Burlington, Essex Junction, Williston, Winooski, Essex.",2026-10-02
Champlain Water District,Charter ch.703 §2,https://legislature.vermont.gov/statutes/section/24APPENDIX/703/00002,ok,District embraces five named towns.,2026-10-02
Champlain Water District,Charter ch.703 §17,https://legislature.vermont.gov/statutes/section/24APPENDIX/703/00017,ok,Procedure for adding towns; certificate filed by Secretary of State with District and town clerks.,2026-10-02
South Burlington Fire District,South Burlington charter ch.13 §101 (text on file),https://legislature.vermont.gov/statutes/section/24APPENDIX/013/00101,ok,City corporate limits; no district reference.,2026-10-02
South Hero Fire District 4,District website,https://shfdn4.org/,ok,"Boundaries set at 1989 formation, sub-town; ~350 connections; five committee members listed; no map or boundary text; site has no other document pages.",2026-10-02
St George Fire District 1,Charter ch.503 (full chapter),https://legislature.vermont.gov/statutes/chapter/24APPENDIX/503,ok,§1 land-record boundary; §2 roads Rocky Ridge Circle and Peet Lane on the referenced map; §5 three-member Prudential Committee.,2026-10-02
St George Fire District 1,Charter ch.503 §1 Boundaries,https://legislature.vermont.gov/statutes/section/24APPENDIX/503/00001,ok,Vol. 25 p.111 of St. George land records.,2026-10-02
St George Fire District 1,Charter ch.503 §4 Meetings,https://legislature.vermont.gov/statutes/section/24APPENDIX/503/00004,ok,Voters residing within district may vote; no boundary text.,2026-10-02
St George Fire District 1,Charter ch.503 §7 Prudential Committee,https://legislature.vermont.gov/statutes/section/24APPENDIX/503/00007,ok,Prudential Committee is administrative body.,2026-10-02
St George Fire District 2,"Ch.503 §1 (FD1 charter, on file)",https://legislature.vermont.gov/statutes/section/24APPENDIX/503/00001,ok,Boundary of FD No. 1 only (Vol. 25 p.111); does not cover FD2.,2026-10-02
St Johnsbury Center Fire District 1,Town charter ch. 151 §705 (Fire District; process for abolition),https://legislature.vermont.gov/statutes/section/24APPENDIX/151/00705,ok,Abolition procedure only; property would vest in the Town; debt service assessed to 'properties within the Fire District'. No boundary.,2026-10-02
St Johnsbury Center Fire District 1,Town charter ch. 151 (chapter index),https://legislature.vermont.gov/statutes/chapter/24APPENDIX/151,ok,Subchapter 7 includes §702 Merger of Village and Town and §705 Fire District; no other fire-district section.,2026-10-02
Stowe Fire District 2 Gold Brook Circle,District website,https://www.stowefiredistrict2.com/,ok,"Calls itself a non-profit homeowner's association serving Goldbrook/Dewey Hill; no map, documents, boundary or governance info.",2026-10-02
Stowe Fire District 2 Gold Brook Circle,Stowe charter ch. 153 (chapter index),https://legislature.vermont.gov/statutes/chapter/24APPENDIX/153,ok,Only fire-district reference is §1508 (FD No. 3 merger); also §1201 Water Utility Commission. Nothing on FD 2.,2026-10-02
Stowe Fire District 4,District website,http://stowefiredistrict4.org/,ok,Valid over http only; the HTTPS certificate is expired. Describes a 'quasi-municipal water system serving the Glenbrook Community'; volunteer board.,2026-10-02
Stowe Fire District 4,Information - Bylaws page,http://stowefiredistrict4.org/information-bylaws/,ok,"Links the 2021 bylaws (Google Drive), 2021 Rules & Regulations and 2025 CCR.",2026-10-02
Stowe Fire District 4,Bylaws (2021),https://drive.google.com/file/d/1bBwJfu1938xi6_3pGmLV1xtdM4oTtbdG/view?usp=sharing,ok,Formed by Stowe Board of Selectmen order dated 1993-11-29 under 20 V.S.A. ch. 171; boundary = plat recorded Vol. 271 p. 295; Prudential Committee governs.,2026-10-02
Stowe Fire District 4,Rules & Regulations (2021 update),http://stowefiredistrict4.org/wp-content/uploads/2026/07/Stowe-FD4-Rules-and-Regulations-2021-Update.pdf,ok,"§1.12/1.13 define the District by the July 1993 Little River Survey boundary map, Vol. 271 p. 295.",2026-10-02
Winhall-Stratton Fire District 1,District website,http://www.wsfd1.com/,ok,"Valid over http only; HTTPS fails with a certificate hostname mismatch (Comcast hosting). Says the district was 'chartered on July 29, 1995' to serve Stratton Mountain Resort and nearby communities with water and wastewater.",2026-10-02
Winhall-Stratton Fire District 1,Minutes & Bylaws page,http://www.wsfd1.com/meeting-minutes-by-laws.shtml,ok,Prudential Committee minutes plus the bylaws PDF.,2026-10-02
Winhall-Stratton Fire District 1,By-Laws (scanned PDF),https://static.wpb.tam.us.siteprotect.com/var/m_a/ad/adf/78763/977321-ByLaws3-9bf31.pdf,ok,"Art. II: limits defined by the Winhall and Stratton selectmen; Art. V: Clerk, Treasurer, Collector and a 3-5 member Prudential Committee; may levy taxes on real estate.",2026-10-02
Vergennes Panton Water District,District website,https://vergennespantonwatersdistrict.org/,ok,"Homepage; mentions hydrant flushing in Vergennes, Panton, Ferrisburgh and Waltham (service reach, not the political boundary).",2026-10-02
Vergennes Panton Water District,Board of Commissioners page,https://vergennespantonwatersdistrict.org/about_us/board_of_commissioners.php,ok,"7 commissioners: 4 from Vergennes, 3 from Panton.",2026-10-02
Vergennes Panton Water District,VPWD Charter (PDF),https://vergennespantonwatersdistrict.org/VPWD%20Charter.pdf,ok,"§1: consolidated water district made up of the area within the limits of Panton and Vergennes, created 1966-08-11; §2: body politic under 24 V.S.A. §3342 and ch. 91; Board of Water Commissioners.",2026-10-02
Vergennes Panton Water District,Vergennes city charter ch. 15 §1,https://legislature.vermont.gov/statutes/section/24APPENDIX/015/00001,not fetched (text already on file),Metes-and-bounds description of the City of Vergennes; useful only because the district includes the whole city.,2026-10-02
Wallingford Fire District 1,District page (town-hosted),https://www.wallingfordvt.com/boards-minutes/fire-district-1/,ok,"Legislative charter 1906, six amendments (last 1929); separate from the Town; lists 3 board members and the clerk/treasurer. No boundary.",2026-10-02
Wallingford Fire District 1,"Annual Report (2019, scanned)",https://www.wallingfordvt.com/wp-content/uploads/2020/03/FD1AnnualReportFull.pdf,ok,Scanned image PDF; contents page lists only financial/officer reports and minutes. No boundary section.,2026-10-02
Wallingford Fire District 1,2025 Annual Meeting Booklet (scanned),https://www.wallingfordvt.com/wp-content/uploads/2026/03/2025-Annual-Meeting-Booklet.pdf,ok,Scanned annual meeting booklet (cover checked); no boundary content seen.,2026-10-02
Edward Farrar Utility District,Own charter ch. 705 (chapter index),https://legislature.vermont.gov/statutes/chapter/24APPENDIX/705,ok,"Sections 1-8: Establishment, Purpose, Boundaries, Voters, Board of Utility Commissioners, Powers, Officers, Annual meeting.",2026-10-02
Edward Farrar Utility District,Own charter ch. 705 §3 Boundaries,https://legislature.vermont.gov/statutes/section/24APPENDIX/705/00003,ok,"'The boundaries of the District are coextensive with the current boundaries of the Village of Waterbury.' Added 2017, No. M-19 (Adj. Sess.), §3.",2026-10-02
Edward Farrar Utility District,Own charter ch. 705 full text,https://legislature.vermont.gov/statutes/fullchapter/24APPENDIX/705,ok,"§1: inhabitants are those of the Village of Waterbury; §5: five elected Utility Commissioners; water and sewer; took over the Village's property, assets and liabilities.",2026-10-02
Westfield Fire District 1,Town departments page,https://westfield.vt.gov/town-departments/,ok,One paragraph: the Fire District runs the Village water system; contact Daniel McAvinney; billing contact Niki Dunn. No boundary.,2026-10-02
Williamstown Fire District,Own charter ch. 505 §2,https://legislature.vermont.gov/statutes/section/24APPENDIX/505/00002,ok,"Corporate limits = boundary lines of the Town of Williamstown (bounded by Washington, Chelsea, Brookfield, Northfield, Berlin, Barre); Prudential Committee sets the fire district tax rate.",2026-10-02
Williamstown Fire District,Own charter ch. 505 full text,https://legislature.vermont.gov/statutes/fullchapter/24APPENDIX/505,ok,"§1 name; §6 Prudential Committee (five members incl. Clerk/Treasurer), annual meeting second Monday in January; no history notes or formation date shown.",2026-10-02
Williston Fire District 1,Town charter ch. 171 §13,https://legislature.vermont.gov/statutes/section/24APPENDIX/171/00013,ok,Town meeting and election procedures only; no mention of a fire district.,2026-10-02
Cold Brook Fire District 1,Own charter ch. 507 §1 Boundaries,https://legislature.vermont.gov/statutes/section/24APPENDIX/507/00001,ok,Boundaries = Wilmington Book 111 p. 184 et seq. and Dover Book 86 p. 5 et seq.,2026-10-02
Cold Brook Fire District 1,Own charter ch. 507 full text,https://legislature.vermont.gov/statutes/fullchapter/24APPENDIX/507,ok,"§2 purpose (sewer, water); §3 powers incl. taxes; §4 Prudential Committee with town-officer tax powers; §5 fees that are liens. No history note or formation date shown.",2026-10-02
Cold Brook Fire District 1,Wilmington DRB decision 2012-065,https://wilmingtonvermont.us/wp-content/uploads/2013/11/2012-065-Cold-Brook-Fire-District-off-East-Village-Road.pdf,not fetched (text already on file),Says the project is 'within the boundaries of the Fire District'; no boundary description.,2026-10-02
Wilmington Water District,Town Water Department page,https://wilmingtonvermont.us/departments/water-department/,ok,"Town department (Public Utility Superintendent, Water Operator); no district entity, boundary or map.",2026-10-02
Wilmington Water District,Consumer Confidence Report 2025,https://wilmingtonvermont.us/wp-content/uploads/2026/03/Consumer-Confidence-Report-2025.pdf,ok,"System name 'WILMINGTON WATER DIST', VT0005310; no legal/boundary info.",2026-10-02
