town,municipality_type,county,town_website,clerk_name,clerk_email,clerk_phone,clerk_mailing_address,source,notes
Norton,Town,Essex,,,,,,,
Orleans,Village,Orleans,,,,,,,
Albany,Town,Orleans,,,,,,,
Averill,Unincorporated Town,Essex,,,,,,,
Averys Gore,Gore,Essex,,,,,,,
Bloomfield,Town,Essex,,,,,,,
Brunswick,Town,Essex,,,,,,,
Buels Gore,Gore,Chittenden,,,,,,,
Chittenden,Town,Rutland,,,,,,,
East Haven,Town,Essex,,,,,,,
Ferdinand,Unincorporated Town,Essex,,,,,,,
Glastenbury,Unincorporated Town,Bennington,,,,,,,
Granby,Town,Essex,,,,,,,
Holland,Town,Orleans,,,,,,,
Hubbardton,Town,Rutland,,,,,,,
Irasburg,Town,Orleans,,,,,,,
Jacksonville,Village,Windham,,,,,,,
Jeffersonville,Village,Lamoille,,,,,,,
Lemington,Town,Essex,,,,,,,
Lunenburg,Town,Essex,,,,,,,
Mount Holly,Town,Rutland,,,,,,,
Mount Tabor,Town,Rutland,,,,,,,
Newark,Town,Caledonia,,,,,,,
Perkinsville,Village,Windsor,,,,,,,
Pittsfield,Town,Rutland,,,,,,,
Saxtons River,Village,Windham,,,,,,,
Searsburg,Town,Bennington,,,,,,,
Sheffield,Town,Caledonia,,,,,,,
Somerset,Unincorporated Town,Windham,,,,,,,
Stannard,Town,Caledonia,,,,,,,
Sudbury,Town,Rutland,,,,,,,
Townshend,Town,Windham,,,,,,,
Victory,Town,Essex,,,,,,,
Warner's Grant,Gore,Essex,,,,,,,
Warren's Gore,Gore,Essex,,,,,,,
Bristol,Town,Addison,http://bristolvt.org/,,,,,,
Burke,Town,Caledonia,http://burkevermont.org/,,,,,,
Canaan,Town,Essex,http://canaan-vt.org/,,,,,,
Hardwick,Town,Caledonia,http://hardwickvt.org,,,,,,
Landgrove,Town,Bennington,http://landgrove.vermont.gov/,,,,,,
Norwich,Town,Windsor,http://norwich.vt.us/,,,,,,
Rochester,Town,Windsor,http://rochestervermont.org/,,,,,,
Glover,Town,Orleans,http://townofglover.com,,,,,,
Barre,Town,Washington,http://www.barretown.org/,,,,,,
Berkshire,Town,Franklin,http://www.berkshirevt.com/,,,,,,
West Burke,Village,Caledonia,http://www.burkevermont.org/villages-west-burke.php,,,,,,
Danville,Town,Caledonia,http://www.danvillevt.com,,,,,,
Greensboro,Town,Orleans,http://www.greensborovt.org,,,,,,
Groton,Town,Caledonia,http://www.grotonvt.com,,,,,,
Lyndon,Town,Caledonia,http://www.lyndonvt.org,,,,,,
Peacham,Town,Caledonia,http://www.peacham.net,,,,,,
St. Johnsbury,Town,Caledonia,http://www.stjtown.com,,,,,,
Craftsbury,Town,Orleans,http://www.townofcraftsbury.com,,,,,,
Lowell,Town,Orleans,http://www.townoflowell.org/,,,,,,
Waterville,Town,Lamoille,http://www.watervillevt.org/,,,,,,
Arlington,Town,Bennington,https://arlingtonvermont.org/,,,,,,
Barnard,Town,Windsor,https://barnardvt.us/,,,,,,
Barnet,Town,Caledonia,https://barnetvt.org/,,,,,,
Barton,Town,Orleans,https://bartonvt.com/,,,,,,
Bellows Falls,Village,Windham,https://bellowsfallsvt.org/,,,,,,
Bolton,Town,Chittenden,https://boltonvt.com/,,,,,,
Bradford,Town,Orange,https://bradford-vt.us/,,,,,,
Braintree,Town,Orange,https://braintreevt.gov/,,,,,,
Bridport,Town,Addison,https://bridportvt.org/,,,,,,
Brighton,Town,Essex,https://brightonvt.org/,,,,,,
Cabot,Town,Washington,https://cabotvt.us/,,,,,,
Charleston,Town,Orleans,https://charlestonvt.org/,,,,,,
Colchester,Town,Chittenden,https://colchestervt.gov/,,,,,,
Corinth,Town,Orange,https://corinthvt.org/,,,,,,
Cornwall,Town,Addison,https://cornwallvt.com/,,,,,,
Coventry,Town,Orleans,https://coventryvt.org/,,,,,,
Derby,Town,Orleans,https://derbyvt.org/,,,,,,
Derby Center,Village,Orleans,https://derbyvt.org/derby-center/,,,,,,
Derby Line,Village,Orleans,https://derbyvt.org/derby-line/village-of-derby-line/,,,,,,
Dorset,Town,Bennington,https://dorsetvt.org/index.html,,,,,,
Dummerston,Town,Windham,https://dummerston.org/,,,,,,
East Montpelier,Town,Washington,https://eastmontpeliervt.org/,,,,,,
Elmore,Town,Lamoille,https://elmorevt.org/,,,,,,
Fairfield,Town,Franklin,https://fairfieldvermont.us/,,,,,,
Fair Haven,Town,Rutland,https://fairhavenvt.gov/,,,,,,
Fairlee,Town,Orange,https://fairleevt.gov/,,,,,,
Fayston,Town,Washington,https://faystonvt.com/,,,,,,
Fletcher,Town,Franklin,https://fletchervt.net/,,,,,,
Goshen,Town,Addison,https://goshenvt.org/,,,,,,
Grafton,Town,Windham,https://graftonvt.org/,,,,,,
Grand Isle,Town,Grand Isle,https://grandislevt.org/,,,,,,
Granville,Town,Addison,https://granvillevermont.org/,,,,,,
Guilford,Town,Windham,https://guilfordvt.gov/,,,,,,
Halifax,Town,Windham,https://halifaxvt.com/,,,,,,
Hartland,Town,Windsor,https://hartland.govoffice.com/,,,,,,
Hyde Park,Town,Lamoille,https://hydeparkvt.com/,,,,,,
Isle La Motte,Town,Grand Isle,https://islelamotte.us/,,,,,,
Jericho,Town,Chittenden,https://jerichovt.org/,,,,,,
Lincoln,Town,Addison,https://lincolnvermont.org/,,,,,,
Manchester,Town,Bennington,https://manchester-vt.gov/,,,,,,
Marlboro,Town,Windham,https://marlborovt.us/,,,,,,
Marshfield,Town,Washington,https://marshfieldvt.gov/,,,,,,
Mendon,Town,Rutland,https://mendonvt.gov/,,,,,,
Middlesex,Town,Washington,https://middlesexvermont.org/,,,,,,
Middletown Springs,Town,Rutland,https://middletownsprings.vt.gov/,,,,,,
Monkton,Town,Addison,https://monktonvt.com/,,,,,,
Montgomery,Town,Franklin,https://montgomeryvt.us/,,,,,,
Morristown,Town,Lamoille,https://morristownvt.org/,,,,,,
Morrisville,Village,Lamoille,https://morristownvt.org/,,,,,,
Newfane,Town,Windham,https://newfanevt.com/,,,,,,
Old Bennington,Village,Bennington,https://oldbennington.org/,,,,,,
Orange,Town,Orange,https://orangevt.org/,,,,,,
Pawlet,Town,Rutland,https://pawlet.vt.gov/,,,,,,
Pomfret,Town,Windsor,https://pomfretvt.us/,,,,,,
Proctor,Town,Rutland,https://proctorvermont.com/,,,,,,
Randolph,Town,Orange,https://randolphvt.org/,,,,,,
Reading,Town,Windsor,https://readingvt.govoffice.com/,,,,,,
Readsboro,Town,Bennington,https://readsborovt.org/,,,,,,
Roxbury,Town,Washington,https://roxburyvt.org/,,,,,,
Royalton,Town,Windsor,https://royaltonvt.gov/,,,,,,
South Royalton,Village,Windsor,https://royaltonvt.gov/,,,,,,
Rupert,Town,Bennington,https://rupert.vt.gov/,,,,,,
Sandgate,Town,Bennington,https://sandgatevermont.org/,,,,,,
Sharon,Town,Windsor,https://sharonvt.net/,,,,,,
Sheldon,Town,Franklin,https://sheldonvt.com/,,,,,,
Shoreham,Town,Addison,https://shorehamvt.org/,,,,,,
South Hero,Town,Grand Isle,https://southherovt.org/,,,,,,
Springfield,Town,Windsor,https://springfieldvt.gov/,,,,,,
St. George,Town,Chittenden,https://stgeorgevt.com/,,,,,,
Stockbridge,Town,Windsor,https://stockbridgevt.gov/,,,,,,
Sunderland,Town,Bennington,https://sunderlandvt.org/,,,,,,
Tinmouth,Town,Rutland,https://tinmouthvt.org/,,,,,,
Bakersfield,Town,Franklin,https://townofbakersfield.org/,,,,,,
Belvidere,Town,Lamoille,https://townofbelviderevt.com/,,,,,,
Bethel,Town,Windsor,https://townofbethelvt.com/,,,,,,
Ira,Town,Rutland,https://townofira.com/,,,,,,
Johnson,Town,Lamoille,https://townofjohnson.com/,,,,,,
Morgan,Town,Orleans,https://townofmorgan.com/,,,,,,
Orwell,Town,Addison,https://townoforwellvt.org/,,,,,,
Stamford,Town,Bennington,https://townofstamfordvermont.org/,,,,,,
Wheelock,Town,Caledonia,https://townofwheelockvt.org/,,,,,,
Windham,Town,Windham,https://townofwindhamvt.com/,,,,,,
Woodstock,Town,Windsor,https://townofwoodstock.org/,,,,,,
Troy,Town,Orleans,https://troyvt.org/,,,,,,
Tunbridge,Town,Orange,https://tunbridgevt.org/,,,,,,
Vernon,Town,Windham,https://vernonvt.org/,,,,,,
Vershire,Town,Orange,https://vershirevt.org/,,,,,,
Enosburg Falls,Village,Franklin,https://villageofenosburgfalls.org/,,,,,,
North Troy,Village,Orleans,https://villageofnorthtroyvt.org/,,,,,,
Walden,Town,Caledonia,https://waldenvt.gov/,,,,,,
Washington,Town,Orange,https://washingtonvt.org/,,,,,,
Wells,Town,Rutland,https://wellsvt.com/,,,,,,
West Fairlee,Town,Orange,https://westfairleevt.gov/,,,,,,
Westfield,Town,Orleans,https://westfield.vt.gov/,,,,,,
Westford,Town,Chittenden,https://westfordvt.us/,,,,,,
West Haven,Town,Rutland,https://westhavenvt.org/,,,,,,
West Windsor,Town,Windsor,https://westwindsorvt.govoffice2.com/,,,,,,
Whitingham,Town,Windham,https://whitinghamvt.org/,,,,,,
Whiting,Town,Addison,https://whitingvt.com/,,,,,,
Williamstown,Town,Orange,https://williamstownvt.org/,,,,,,
Wilmington,Town,Windham,https://wilmingtonvermont.us/,,,,,,
Wolcott,Town,Lamoille,https://wolcottvt.org/,,,,,,
Woodford,Town,Bennington,https://woodfordvt.org/,,,,,,
Addison,Town,Addison,https://www.addisonvt.net/,,,,,,
Alburgh,Town,Grand Isle,https://www.Alburghvt.org,,,,,,
Andover,Town,Windsor,https://www.andovervt.org/,,,,,,
Athens,Town,Windham,https://www.athensvt.com/,,,,,,
Baltimore,Town,Windsor,https://www.baltimorevt.org/,,,,,,
Barre,City,Washington,https://www.barrecity.org/,,,,,,
Bennington,Town,Bennington,https://www.benningtonvt.org/,,,,,,
Benson,Town,Rutland,https://www.bensonvermont.gov/,,,,,,
Berlin,Town,Washington,https://www.berlinvt.gov/,,,,,,
Brattleboro,Town,Windham,https://www.brattleboro.org/,,,,,,
Bridgewater,Town,Windsor,https://www.bridgewater.vt.gov/,,,,,,
Brookfield,Town,Orange,https://www.brookfieldvt.org/,,,,,,
Brookline,Town,Windham,https://www.brooklinevt.com/,,,,,,
Brownington,Town,Orleans,https://www.browningtonvt.com/,,,,,,
Burlington,City,Chittenden,https://www.burlingtonvt.gov/,,,,,,
Calais,Town,Washington,https://www.calaisvermont.gov/,,,,,,
Cambridge,Town,Lamoille,https://www.cambridge.vermont.gov/,,,,,,
Castleton,Town,Rutland,https://www.castletonvermont.org/,,,,,,
Cavendish,Town,Windsor,https://www.cavendishvt.com/,,,,,,
Charlotte,Town,Chittenden,https://www.charlottevt.org/,,,,,,
Chelsea,Town,Orange,https://www.chelseavt.org/,,,,,,
Chester,Town,Windsor,https://www.chestervt.gov/,,,,,,
Clarendon,Town,Rutland,https://www.clarendonvt.gov/,,,,,,
Concord,Town,Essex,https://www.concordvt.us/,,,,,,
Danby,Town,Rutland,https://www.danbyvt.org/,,,,,,
Dover,Town,Windham,https://www.doververmont.com/,,,,,,
Duxbury,Town,Washington,https://www.duxburyvermont.org/,,,,,,
Eden,Town,Lamoille,https://www.edenvt.org/,,,,,,
Enosburgh,Town,Franklin,https://www.enosburghvt.org/,,,,,,
Essex Junction,City,Chittenden,https://www.essexjunction.org/,,,,,,
Essex,Town,Chittenden,https://www.essexvt.org/,,,,,,
Fairfax,Town,Franklin,https://www.fairfax-vt.gov/,,,,,,
Ferrisburgh,Town,Addison,https://www.ferrisburghvt.org/,,,,,,
Franklin,Town,Franklin,https://www.franklinvermont.org/,,,,,,
Guildhall,Town,Essex,https://www.guildhallvt.org/,,,,,,
Hancock,Town,Addison,https://www.hancockvt.org/,,,,,,
Hartford,Town,Windsor,https://www.hartford-vt.org/,,,,,,
Highgate,Town,Franklin,https://www.highgatevt.org/,,,,,,
Hinesburg,Town,Chittenden,https://www.hinesburg.org/,,,,,,
Huntington,Town,Chittenden,https://www.huntingtonvt.org/,,,,,,
Jamaica,Town,Windham,https://www.jamaicavermont.org/,,,,,,
Jay,Town,Orleans,https://www.jayvt.com/,,,,,,
Killington,Town,Rutland,https://www.killingtontown.com/,,,,,,
Kirby,Town,Caledonia,https://www.kirbyvt.gov/,,,,,,
Leicester,Town,Addison,https://www.leicestervt.org/,,,,,,
Londonderry,Town,Windham,https://www.londonderryvt.org/,,,,,,
Ludlow,Town,Windsor,https://www.ludlow.vt.us/,,,,,,
Lyndonville,Village,Caledonia,https://www.lyndonvt.org/,,,,,,
Maidstone,Town,Essex,https://www.maidstone-vt.org/,,,,,,
Milton,Town,Chittenden,https://www.miltonvt.gov/,,,,,,
Montpelier,City,Washington,https://www.montpelier-vt.org/,,,,,,
Moretown,Town,Washington,https://www.moretownvt.org/,,,,,,
Newbury,Town,Orange,https://www.newburyvt.org/,,,,,,
New Haven,Town,Addison,https://www.newhavenvt.com/,,,,,,
Newport,City,Orleans,https://www.newportvermont.org/,,,,,,
Northfield,Town,Washington,https://www.northfield-vt.gov/,,,,,,
North Hero,Town,Grand Isle,https://www.northherovt.com/,,,,,,
Panton,Town,Addison,https://www.pantonvt.us/,,,,,,
Peru,Town,Bennington,https://www.peruvt.org/,,,,,,
Pittsford,Town,Rutland,https://www.pittsfordvermont.com/,,,,,,
Plainfield,Town,Washington,https://www.plainfieldvt.gov/,,,,,,
Plymouth,Town,Windsor,https://www.plymouthvt.org/,,,,,,
Poultney,Town,Rutland,https://www.poultney.vt.gov/,,,,,,
Putney,Town,Windham,https://www.putneyvt.org/,,,,,,
Richford,Town,Franklin,https://www.richfordvt.org/,,,,,,
Richmond,Town,Chittenden,https://www.richmondvt.gov/,,,,,,
Ripton,Town,Addison,https://www.riptonvermont.org/,,,,,,
Rockingham,Town,Windham,https://www.rockinghamvt.org/,,,,,,
Rutland,City,Rutland,https://www.rutlandcity.org/,,,,,,
Ryegate,Town,Caledonia,https://www.ryegatevt.org/index.html,,,,,,
Shaftsbury,Town,Bennington,https://www.shaftsburyvt.gov/,,,,,,
Shelburne,Town,Chittenden,https://www.shelburnevt.org/,,,,,,
Shrewsbury,Town,Rutland,https://www.shrewsburyvt.org/,,,,,,
South Burlington,City,Chittenden,https://www.southburlingtonvt.gov/,,,,,,
St. Albans,City,Franklin,https://www.stalbansvt.com/,,,,,,
Starksboro,Town,Addison,https://www.starksborovt.org/,,,,,,
Strafford,Town,Orange,https://www.straffordvt.org/,,,,,,
Sutton,Town,Caledonia,https://www.suttonvt.org/,,,,,,
Swanton,Town,Franklin,https://www.swantonvt.gov/,,,,,,
Thetford,Town,Orange,https://www.thetfordvt.gov/,,,,,,
Williston,Town,Chittenden,https://www.town.williston.vt.us/,,,,,,
Brandon,Town,Rutland,https://www.townofbrandon.com/,,,,,,
Georgia,Town,Franklin,https://www.townofgeorgia.com/,,,,,,
Middlebury,Town,Addison,https://www.townofmiddlebury.org/,,,,,,
Pownal,Town,Bennington,https://www.townofpownal.org/,,,,,,
Salisbury,Town,Addison,https://www.townofsalisbury.org/,,,,,,
Stowe,Town,Lamoille,https://www.townofstowevt.org/,,,,,,
Stratton,Town,Windham,https://www.townofstrattonvt.com/,,,,,,
Topsham,Town,Orange,https://www.townoftopshamvt.org/,,,,,,
Weybridge,Town,Addison,https://www.townofweybridge.org/,,,,,,
Underhill,Town,Chittenden,https://www.underhillvt.gov/,,,,,,
Vergennes,City,Addison,https://www.vergennes.org/,,,,,,
North Bennington,Village,Bennington,https://www.villagenorthbennington.org/,,,,,,
Waitsfield,Town,Washington,https://www.waitsfieldvt.us/,,,,,,
Wallingford,Town,Rutland,https://www.wallingfordvt.com/,,,,,,
Waltham,Town,Addison,https://www.walthamvt.org/,,,,,,
Wardsboro,Town,Windham,https://www.wardsborovt.gov/,,,,,,
Warren,Town,Washington,https://www.warrenvt.org/,,,,,,
Waterbury,Town,Washington,https://www.waterburyvt.com/,,,,,,
Waterford,Town,Caledonia,https://www.waterfordvt.org/,,,,,,
Weathersfield,Town,Windsor,https://www.weathersfieldvt.org/,,,,,,
Wells River,Village,Orange,https://www.wellsrivervillage.org/,,,,,,
Westminster,Town,Windham,https://www.westminstervt.org/,,,,,,
Westmore,Town,Orleans,https://www.westmoreonline.org/,,,,,,
Weston,Town,Windsor,https://www.westonvt.org/,,,,,,
West Rutland,Town,Rutland,https://www.westrutlandvt.org/,,,,,,
Windsor,Town,Windsor,https://www.windsorvt.org/,,,,,,
Winhall,Town,Bennington,https://www.winhall.org/,,,,,,
Winooski,City,Chittenden,https://www.winooskivt.gov/,,,,,,
Woodbury,Town,Washington,https://www.woodburyvt.org/,,,,,,
Worcester,Town,Washington,https://www.worcestervt.org/,,,,,,
